customer_id,name,address,phone_number,email
user001,Dr. Heather Mcpherson,18346 Cassidy Via Apt. 894,(272)-477-2325,Dr.HeatherMcpherson@gmail.com
user002,Kathy Fisher,161114 Patterson Pine,(848)-778-6595,KathyFisher@uw.edu
user003,Ashley Washington,14959 Ryan Crossing,(501)-855-6470,AshleyWashington@gmail.com
user004,Mark Young,1USNV Bowen,(377)-808-3707,MarkYoung@uw.edu
user005,Justin Foley,14700 Malik Extensions,(966)-309-8950,JustinFoley@gmail.com
user006,Sean Russell,1652 Bryan Land,(768)-800-3676,SeanRussell@buttmail.gov
user007,Brian Zavala,16718 Ana Route,(312)-483-1036,BrianZavala@aol.com
user008,James Lee,1PSC 5756 Box 7752,(674)-179-1617,JamesLee@aol.com
user009,Hannah Riggs,1044 Julia Rapids Apt. 005,(610)-124-6769,HannahRiggs@gmail.com
user010,Tracy Ward,11635 Perry Heights,(385)-373-4560,TracyWard@hotmail.com
user011,Stephen Brown,161956 John Terrace Suite 213,(774)-876-8603,StephenBrown@aol.com
user012,Robert Bailey,1865 Johnson Route Apt. 247,(562)-669-2708,RobertBailey@gmail.com
user013,Kevin Wilkins,1778 Larson Way Apt. 812,(270)-973-1048,KevinWilkins@uw.edu
user014,Kevin Perez,1Unit 6904 Box 7580,(163)-189-8225,KevinPerez@aol.com
user015,Lauren Ramos,11101 Thompson Shoal,(118)-859-4594,LaurenRamos@gmail.com
user016,Renee Leach,1461 Johnson Parkways Suite 057,(949)-719-6930,ReneeLeach@aol.com
user017,Sarah Torres,180382 Ortega Road,(536)-362-6147,SarahTorres@hotmail.com
user018,Bryan Logan,1286 Jennifer Roads,(694)-496-8658,BryanLogan@gmail.com
user019,Eric Park,127192 Alice Oval,(526)-381-2591,EricPark@buttmail.gov
user020,Grant Smith,104652 Timothy Union Apt. 177,(725)-130-7651,GrantSmith@aol.com
user021,Michael Garcia,14872 Anthony Bypass,(507)-304-4628,MichaelGarcia@aol.com
user022,Tracie Mitchell DVM,13349 Sanchez Turnpike,(158)-112-4601,TracieMitchellDVM@hotmail.com
user023,Amanda Lane,1515 Kurt Drive Suite 434,(773)-434-3596,AmandaLane@buttmail.gov
user024,Rodney Phillips,115706 William Locks Suite 900,(331)-441-7116,RodneyPhillips@uw.edu
user025,Vincent Roberson,18792 Bailey Coves Suite 990,(711)-884-1450,VincentRoberson@hotmail.com
user026,Angie Cisneros,17755 Amy Radial Suite 682,(629)-318-7092,AngieCisneros@hotmail.com
user027,Angela Hensley,1002 Norman Crest,(884)-791-1559,AngelaHensley@gmail.com
user028,Frank Smith,1Unit 9679 Box 9902,(491)-282-3601,FrankSmith@hotmail.com
user029,James Oconnor,147686 Christopher Trail Apt. 515,(813)-488-3077,JamesOconnor@aol.com
user030,Mary Reed,10879 West Points Apt. 272,(850)-353-2996,MaryReed@hotmail.com
user031,Claudia Graves,11872 Cisneros Plaza Suite 337,(399)-307-2280,ClaudiaGraves@hotmail.com
user032,Samuel Jacobs,1Unit 0000 Box 4071,(142)-664-7214,SamuelJacobs@buttmail.gov
user033,Amy Collins,17341 Melinda Islands,(842)-847-4399,AmyCollins@gmail.com
user034,Luke Conrad,156456 Heidi Point,(501)-664-6413,LukeConrad@uw.edu
user035,Terri Wade,1118 Chen Station Apt. 833,(739)-704-4328,TerriWade@uw.edu
user036,Stephanie Barker,1034 Eric Gateway Apt. 448,(203)-295-7575,StephanieBarker@gmail.com
user037,Charles Sims,1680 Martinez Locks,(792)-344-4660,CharlesSims@uw.edu
user038,Taylor Rojas,170548 Evans Manor Apt. 760,(522)-957-3053,TaylorRojas@uw.edu
user039,Aaron Stewart,16555 Megan Oval Suite 989,(805)-518-1331,AaronStewart@buttmail.gov
user040,Michelle Simmons,1652 Carrie Gateway,(170)-168-5224,MichelleSimmons@aol.com
user041,Ashley Harvey,1Unit 5251 Box 5329,(580)-155-3809,AshleyHarvey@hotmail.com
user042,Stephanie Smith,1351 Charles Locks,(663)-416-3158,StephanieSmith@gmail.com
user043,Sarah Ferguson,191804 Scott Isle Suite 379,(627)-764-9674,SarahFerguson@hotmail.com
user044,Shaun Ramirez,19169 Kenneth Spur,(126)-490-6943,ShaunRamirez@hotmail.com
user045,Brittany Grant,1804 Peter Plaza,(822)-524-6465,BrittanyGrant@aol.com
user046,Mary Gibson,19718 Andrea Hill Suite 405,(343)-629-8050,MaryGibson@hotmail.com
user047,Benjamin Fisher,19329 Parsons Harbor,(350)-536-8839,BenjaminFisher@uw.edu
user048,Sarah Rios,12370 Heather Mission,(179)-212-8126,SarahRios@aol.com
user049,Alicia Johnston,12154 Bentley Fork,(175)-571-7826,AliciaJohnston@buttmail.gov
user050,Lisa Rodgers,154128 Velez Port,(566)-947-2644,LisaRodgers@aol.com
user051,Jerry Duncan,1965 Shelby Island,(393)-228-7041,JerryDuncan@hotmail.com
user052,Lee Wilson,160335 Goodman Flats Suite 146,(931)-377-9305,LeeWilson@buttmail.gov
user053,Tracy Peters,16496 Virginia Islands Apt. 464,(526)-361-2065,TracyPeters@buttmail.gov
user054,Dawn Carney,1PSC 8730 Box 0475,(337)-484-7275,DawnCarney@buttmail.gov
user055,Susan Harding,167216 Ashley Alley Suite 321,(134)-791-4642,SusanHarding@aol.com
user056,Ashley Haynes,1358 Smith Port,(106)-397-1383,AshleyHaynes@hotmail.com
user057,Phillip Nichols,148629 Thomas Orchard Apt. 813,(418)-970-2955,PhillipNichols@uw.edu
user058,Jay Anderson,1400 Michelle Valley,(253)-613-8359,JayAnderson@gmail.com
user059,Kathryn Clark,1Unit 2388 Box 9198,(981)-540-9778,KathrynClark@hotmail.com
user060,Jason Hogan,140823 Richardson Way,(202)-118-8712,JasonHogan@hotmail.com
user061,Laurie Taylor,19679 Dominique Ville Suite 329,(276)-885-7041,LaurieTaylor@aol.com
user062,Cheryl Robinson,100832 Pamela Square Suite 702,(936)-747-3824,CherylRobinson@gmail.com
user063,Mary Bond,168659 Sharon Skyway,(400)-227-4722,MaryBond@gmail.com
user064,Janet Moore,18706 Thomas Extension,(871)-492-3305,JanetMoore@aol.com
user065,Lisa Carr,1Unit 5843 Box 4707,(716)-595-7370,LisaCarr@buttmail.gov
user066,Steven Bates,13730 Wilson Parkways,(290)-988-7989,StevenBates@uw.edu
user067,Jane Vaughn,1405 Gardner Parkways Suite 521,(909)-591-8405,JaneVaughn@hotmail.com
user068,Bradley Gonzalez,1262 Gonzalez Lane,(352)-605-1235,BradleyGonzalez@buttmail.gov
user069,Angela Lopez,1722 Andrew Mission,(565)-200-5022,AngelaLopez@hotmail.com
user070,Paul Valencia,184332 Lewis Point,(167)-196-8215,PaulValencia@hotmail.com
user071,Jeffrey Haynes,168166 Santiago Isle Apt. 196,(707)-803-4858,JeffreyHaynes@aol.com
user072,Christine Williams,19349 Madden Camp,(444)-410-6250,ChristineWilliams@hotmail.com
user073,Nathan May,14802 Thompson Spring Apt. 533,(972)-190-4989,NathanMay@buttmail.gov
user074,Sherry Miller,19459 Spears Knoll,(149)-199-8275,SherryMiller@buttmail.gov
user075,Michael Cox,14540 Erika Common,(642)-899-4205,MichaelCox@hotmail.com
user076,Teresa Moore,110269 Tammy Inlet,(335)-607-2355,TeresaMoore@gmail.com
user077,Leah Massey,1899 Patrick Hills Apt. 129,(556)-823-6416,LeahMassey@buttmail.gov
user078,Paul Joseph,1658 Carter Burgs,(724)-418-9886,PaulJoseph@uw.edu
user079,Nicholas Davis,101645 Amy Parkways,(557)-579-5060,NicholasDavis@gmail.com
user080,Gary Payne,1752 Patrick Circles,(661)-314-2015,GaryPayne@uw.edu
user081,Robin Bennett,129731 Barber Lock Apt. 693,(152)-440-6619,RobinBennett@buttmail.gov
user082,Frank Carter,1USNV Livingston,(157)-553-1677,FrankCarter@gmail.com
user083,Stephanie Young,143221 Gutierrez Roads,(336)-315-7619,StephanieYoung@aol.com
user084,Michael Caldwell,1PSC 8065 Box 9972,(478)-527-4367,MichaelCaldwell@buttmail.gov
user085,Margaret Blake,15349 Derek Passage Suite 940,(926)-512-9615,MargaretBlake@uw.edu
user086,Melissa Dorsey,10681 Chase Ferry,(584)-524-5944,MelissaDorsey@hotmail.com
user087,Sandra Phelps,16856 Jackson Mission Suite 454,(638)-932-8900,SandraPhelps@hotmail.com
user088,Charles Brooks,1955 Hill Cape,(434)-137-3918,CharlesBrooks@uw.edu
user089,Isaiah Townsend,15142 Brian Summit Suite 174,(135)-720-4969,IsaiahTownsend@uw.edu
user090,Diana Simmons,1135 Rubio Village Apt. 917,(259)-239-2188,DianaSimmons@buttmail.gov
user091,Robert Cole,151746 Aaron Lock,(587)-436-4594,RobertCole@uw.edu
user092,Nicole Wise,1277 Bell Ridges,(584)-423-1150,NicoleWise@aol.com
user093,Christina Elliott,119080 Tyler Camp,(109)-930-2642,ChristinaElliott@gmail.com
user094,Wendy Willis,1325 Cassandra Road Suite 906,(630)-213-7290,WendyWillis@buttmail.gov
user095,Mr. Ryan Mcbride DDS,1USCGC Schmitt,(795)-680-1724,Mr.RyanMcbrideDDS@gmail.com
user096,Jill Smith,15882 Weiss Knoll Suite 463,(195)-303-3869,JillSmith@gmail.com
user097,Blake Peters,1533 Nichols Manor,(916)-472-2753,BlakePeters@buttmail.gov
user098,Kelly Jackson,1PSC 0531 Box 7211,(373)-668-9790,KellyJackson@hotmail.com
user099,Mrs. Ashley Roberts,1084 Jennifer Isle,(781)-656-5099,Mrs.AshleyRoberts@aol.com
user100,Gary Rodriguez,104297 Hubbard Isle Suite 643,(701)-628-6721,GaryRodriguez@aol.com
user101,Tracy Phelps,1Unit 5819 Box 7832,(735)-797-4176,TracyPhelps@aol.com
user102,Brent Russell,1152 Shelton Pike,(564)-810-2708,BrentRussell@uw.edu
user103,Mrs. Jessica Chase DVM,17164 Mann Manor,(202)-721-9265,Mrs.JessicaChaseDVM@gmail.com
user104,Judith Hernandez,1429 Kevin Common Suite 678,(286)-626-8915,JudithHernandez@buttmail.gov
user105,Patricia Long,15211 Williams Highway,(454)-335-7027,PatriciaLong@uw.edu
user106,Aaron Ayala,10153 Hubbard Squares Suite 257,(740)-971-6025,AaronAyala@aol.com
user107,Alexandra Little,1206 Sonya Burg Apt. 829,(540)-797-4701,AlexandraLittle@buttmail.gov
user108,Dwayne Lopez,1USNS Odom,(375)-916-5173,DwayneLopez@aol.com
user109,Deborah Jackson,1201 Grant Plains,(728)-665-4500,DeborahJackson@gmail.com
user110,Juan Townsend,122547 Jordan Hill,(596)-946-6764,JuanTownsend@uw.edu
user111,Abigail Watts,1663 White Wells,(319)-994-5909,AbigailWatts@gmail.com
user112,Catherine Randall,166798 Conrad Knoll Suite 552,(600)-414-5598,CatherineRandall@hotmail.com
user113,Caitlin Rhodes MD,1775 Tiffany Cliffs Apt. 713,(340)-272-4081,CaitlinRhodesMD@buttmail.gov
user114,Karen Ramos,179816 Eric Harbor Suite 732,(331)-316-8891,KarenRamos@hotmail.com
user115,April Brown,1099 Sanchez Views,(513)-957-6717,AprilBrown@aol.com
user116,Jennifer Durham,155476 Holloway Island Suite 766,(659)-378-6792,JenniferDurham@aol.com
user117,Rachel Chavez,115312 Wheeler Knoll Apt. 267,(937)-432-4360,RachelChavez@hotmail.com
user118,Michael Wade,122349 Robert Plaza Apt. 085,(110)-376-4493,MichaelWade@uw.edu
user119,Mr. Mark Price,1PSC 5413 Box 4712,(142)-500-9211,Mr.MarkPrice@uw.edu
user120,Christopher Welch,1105 Carlos Branch Suite 112,(294)-319-2983,ChristopherWelch@aol.com
user121,Tommy Cohen,1463 Carlos Rue Suite 062,(493)-899-8850,TommyCohen@hotmail.com
user122,John Williams,147219 Michael Points,(779)-985-8868,JohnWilliams@gmail.com
user123,Ryan Hamilton,17645 Alexander Ferry Suite 144,(615)-341-9329,RyanHamilton@buttmail.gov
user124,Marissa Calderon,1PSC 3793 Box 8665,(342)-387-2136,MarissaCalderon@buttmail.gov
user125,Patricia Vaughn,1744 Lisa Underpass,(432)-660-6939,PatriciaVaughn@hotmail.com
user126,Robert Hanson,19455 Laurie Forks Suite 953,(495)-738-4562,RobertHanson@hotmail.com
user127,Terry Fletcher,12997 Crawford Islands Suite 698,(675)-795-1568,TerryFletcher@buttmail.gov
user128,Robin Ayers,138383 Jose Bridge Suite 746,(992)-603-1394,RobinAyers@uw.edu
user129,Heather Stewart,103677 Mitchell Freeway Suite 399,(765)-543-6427,HeatherStewart@uw.edu
user130,Richard Nixon,1Unit 6448 Box 5359,(566)-815-2666,RichardNixon@hotmail.com
user131,Natasha Diaz,10566 David Ranch Apt. 416,(673)-894-1445,NatashaDiaz@uw.edu
user132,Kevin Mercer,13716 Matthew Loaf Suite 490,(494)-380-5230,KevinMercer@gmail.com
user133,Randy Allen,1USS Mcclain,(565)-727-7938,RandyAllen@gmail.com
user134,Troy Jordan,19248 William Shoals Apt. 183,(606)-395-4187,TroyJordan@aol.com
user135,Gregory Cantrell,1594 Garcia Mews Apt. 995,(401)-951-8940,GregoryCantrell@uw.edu
user136,Joseph Reilly,1USS Davis,(112)-432-7517,JosephReilly@uw.edu
user137,John Gomez,120643 Thornton Prairie,(191)-898-7596,JohnGomez@uw.edu
user138,James Austin,1102 Paula Pike Suite 907,(422)-319-8824,JamesAustin@buttmail.gov
user139,Alyssa Bailey,1USS Robles,(268)-196-4110,AlyssaBailey@gmail.com
user140,Eric Riley,1269 Parsons Cove,(627)-888-9572,EricRiley@uw.edu
user141,Laura Harrison,177903 Marissa Road Apt. 395,(884)-449-1374,LauraHarrison@hotmail.com
user142,Pamela Sharp,115198 Wade Turnpike Suite 579,(901)-538-6016,PamelaSharp@gmail.com
user143,Amanda Wallace,1378 Dixon Circles Suite 089,(317)-543-2114,AmandaWallace@aol.com
user144,Gabriella Rogers,101636 Noble Stream,(214)-180-3558,GabriellaRogers@hotmail.com
user145,John Williams,139383 Denise Knoll,(711)-751-7341,JohnWilliams@hotmail.com
user146,Kendra Frank,16588 Kenneth Ways Suite 529,(974)-162-2408,KendraFrank@gmail.com
user147,Laura Bell,124237 Rich Neck,(670)-311-8621,LauraBell@aol.com
user148,Michelle Velazquez,1124 Figueroa Burgs Suite 394,(126)-128-6635,MichelleVelazquez@hotmail.com
user149,Gregory Kennedy,178830 Shaffer Alley Apt. 846,(833)-466-8361,GregoryKennedy@hotmail.com
user150,Jonathan Martin,1348 Gonzalez Port Apt. 950,(466)-616-3821,JonathanMartin@buttmail.gov
user151,Emily James,1753 Lopez Throughway Apt. 145,(303)-349-7613,EmilyJames@aol.com
user152,Tonya Cox,1929 Kimberly Loaf Apt. 253,(274)-585-5601,TonyaCox@buttmail.gov
user153,Juan Sexton,18656 Chelsea Road,(988)-553-9024,JuanSexton@gmail.com
user154,James Mullins,16427 Dennis Divide,(710)-172-1933,JamesMullins@gmail.com
user155,Robert Cunningham,15551 Angela Union Suite 399,(313)-732-4543,RobertCunningham@aol.com
user156,Sally Russell,121955 Cisneros Mission Apt. 771,(535)-810-4695,SallyRussell@hotmail.com
user157,Andrea Nelson,127191 Sanchez Islands Suite 030,(616)-664-9554,AndreaNelson@hotmail.com
user158,Joy Wolf,19851 Guerra Ridge Suite 390,(497)-187-3697,JoyWolf@hotmail.com
user159,Miguel Lee,1748 Bryan Locks,(967)-931-2458,MiguelLee@aol.com
user160,Mrs. Kim Brown MD,13106 Brown Way,(282)-704-3524,Mrs.KimBrownMD@gmail.com
user161,Mark Williams,10068 Doyle Extension Suite 499,(663)-408-2257,MarkWilliams@hotmail.com
user162,John Poole,155484 Yvonne Center Suite 836,(803)-636-5812,JohnPoole@buttmail.gov
user163,Caroline Rodriguez,1218 Luna Lock,(515)-656-5726,CarolineRodriguez@buttmail.gov
user164,Mr. Kevin Brown,1702 Pamela Meadows,(308)-618-9245,Mr.KevinBrown@gmail.com
user165,Bradley Thomas,157036 Leah Forks,(977)-826-1331,BradleyThomas@hotmail.com
user166,Kimberly Juarez,1PSC 1195 Box 8207,(608)-193-5294,KimberlyJuarez@buttmail.gov
user167,April Payne,1PSC 3375 Box 8127,(153)-114-5271,AprilPayne@aol.com
user168,Charles Allen,1664 Mcclure Island,(140)-923-9613,CharlesAllen@gmail.com
user169,Ricardo Harper,1855 Carpenter Manors,(543)-379-3681,RicardoHarper@buttmail.gov
user170,Samuel Kemp,149652 Martinez Harbors Suite 575,(264)-747-7709,SamuelKemp@gmail.com
user171,Donna White,139395 Thomas Terrace Apt. 391,(936)-965-6617,DonnaWhite@buttmail.gov
user172,Cassandra Cole,131852 White Pines Apt. 823,(797)-624-2873,CassandraCole@gmail.com
user173,Joanne Richmond,17659 Gregory Junction Apt. 562,(137)-980-1463,JoanneRichmond@aol.com
user174,Brian Evans,135894 Simmons Walks Suite 115,(206)-651-7893,BrianEvans@uw.edu
user175,Eric Valencia,1914 Newton Knoll Apt. 145,(441)-409-6188,EricValencia@aol.com
user176,Donna Davis,1Unit 8851 Box 7956,(691)-121-9775,DonnaDavis@aol.com
user177,Donna Greene,1380 Conway Drive,(872)-698-5632,DonnaGreene@hotmail.com
user178,Dr. Sharon Leon,1154 Lee Road Suite 173,(815)-380-7390,Dr.SharonLeon@uw.edu
user179,Lauren Lamb,1PSC 2024 Box 0702,(263)-610-8744,LaurenLamb@buttmail.gov
user180,Richard Brooks,1526 Miles Springs,(576)-359-9420,RichardBrooks@buttmail.gov
user181,Kayla Sanders,1126 Alicia Key,(434)-241-2639,KaylaSanders@hotmail.com
user182,Christina Morales,10041 Mendoza Crest Suite 446,(331)-184-4834,ChristinaMorales@gmail.com
user183,Karen Schmidt,180529 Roger Ridge Apt. 838,(173)-621-6077,KarenSchmidt@aol.com
user184,Mrs. Deborah Freeman,131496 Bishop Junction,(704)-663-6186,Mrs.DeborahFreeman@uw.edu
user185,Thomas Patterson,16909 Anthony Forks,(232)-144-3920,ThomasPatterson@buttmail.gov
user186,Kayla Washington,1417 Wilson Ridges,(400)-598-4851,KaylaWashington@buttmail.gov
user187,Lisa Vasquez,1USNV Reyes,(215)-466-5803,LisaVasquez@gmail.com
user188,Carolyn Wilson,1Unit 3784 Box 3201,(789)-365-4698,CarolynWilson@uw.edu
user189,William Brown,1398 Brent Bridge,(201)-822-8363,WilliamBrown@aol.com
user190,Anne Juarez,102053 Jon Pike,(686)-409-8186,AnneJuarez@buttmail.gov
user191,Nicholas Hill,10002 Snyder Trace,(685)-681-3552,NicholasHill@buttmail.gov
user192,Daniel Thornton,18523 Grimes Knolls Suite 114,(780)-989-3978,DanielThornton@uw.edu
user193,Linda Lewis,17888 Harris Village,(838)-574-1686,LindaLewis@uw.edu
user194,William Marquez,10889 Elizabeth Square Suite 121,(886)-697-6578,WilliamMarquez@buttmail.gov
user195,Cynthia Acosta DVM,1USS Dunn,(175)-434-9257,CynthiaAcostaDVM@gmail.com
user196,Ronald Salas,15237 Samuel Ford Apt. 685,(219)-117-6617,RonaldSalas@aol.com
user197,Derrick Douglas,175028 Hines Estates Suite 596,(450)-859-9370,DerrickDouglas@hotmail.com
user198,Christine Hernandez,172169 Edwards Drive Apt. 596,(399)-130-5786,ChristineHernandez@uw.edu
user199,Kenneth Evans,15501 Sanders Creek Apt. 528,(706)-517-3300,KennethEvans@gmail.com
user200,James Yu,13774 Tucker Bypass Apt. 358,(369)-120-4889,JamesYu@gmail.com
user201,Gina Moore,179880 Brown Hollow,(701)-326-7707,GinaMoore@uw.edu
user202,Elizabeth Bonilla,10783 Acosta Fall,(971)-248-2931,ElizabethBonilla@gmail.com
user203,Carrie Johnson,18295 Middleton Crescent,(564)-291-9318,CarrieJohnson@uw.edu
user204,Jorge Frederick,172085 Clark Views,(120)-425-6682,JorgeFrederick@aol.com
user205,Jeffrey Ortiz,1894 Christopher Locks Apt. 771,(807)-863-3394,JeffreyOrtiz@hotmail.com
user206,Jennifer Brown,151132 Dwayne Loaf,(743)-367-2411,JenniferBrown@buttmail.gov
user207,Sharon Adkins,155058 Allen Stream Apt. 529,(536)-108-2936,SharonAdkins@uw.edu
user208,Kyle Fuentes,17337 Cox Squares Apt. 720,(786)-216-9446,KyleFuentes@hotmail.com
user209,Christopher Burgess,1022 Crystal Oval,(137)-684-1029,ChristopherBurgess@aol.com
user210,Joshua Poole,104692 Monica Knolls Suite 470,(334)-841-3508,JoshuaPoole@aol.com
user211,Dr. Daniel Thomas,18173 Anthony Summit,(610)-785-7598,Dr.DanielThomas@uw.edu
user212,Matthew Sanchez,19956 Larson Streets,(270)-707-6205,MatthewSanchez@buttmail.gov
user213,Michael Nichols,1295 Calderon Turnpike Suite 043,(401)-235-2118,MichaelNichols@buttmail.gov
user214,Douglas Roy,192097 Erin Village Apt. 092,(714)-773-1615,DouglasRoy@aol.com
user215,Alice Moss,19516 Hooper Mills,(327)-558-4694,AliceMoss@buttmail.gov
user216,Craig Cox,1USS Hill,(535)-302-8050,CraigCox@buttmail.gov
user217,Robert Harris,136095 Ramos Hill,(703)-858-1716,RobertHarris@gmail.com
user218,Haley Carlson,1940 Lester Fall Suite 404,(989)-677-5599,HaleyCarlson@uw.edu
user219,Amy Smith,1Unit 4930 Box 2153,(932)-143-1792,AmySmith@hotmail.com
user220,Robert Henderson,1680 Sutton Mountain,(340)-179-6747,RobertHenderson@gmail.com
user221,Jennifer Richardson,10766 Meyer Mills Apt. 110,(623)-596-6875,JenniferRichardson@buttmail.gov
user222,Misty Torres,16235 Griffin Path,(883)-217-4812,MistyTorres@hotmail.com
user223,Courtney Campbell,1040 George Rapid,(381)-402-8667,CourtneyCampbell@hotmail.com
user224,Michael Hernandez,116295 Rachel Corner Apt. 950,(375)-994-8004,MichaelHernandez@aol.com
user225,Julie Bradley,1136 Rush Radial,(551)-808-8411,JulieBradley@aol.com
user226,Angela Johnson,189497 Pratt Valley Apt. 808,(362)-956-8347,AngelaJohnson@gmail.com
user227,Daniel Davenport,1PSC 7779 Box 4092,(362)-690-7425,DanielDavenport@uw.edu
user228,Daniel Salas,1876 Wolfe Creek Suite 222,(124)-532-1244,DanielSalas@aol.com
user229,Vickie Benson,1533 Steele Drive,(658)-981-5059,VickieBenson@gmail.com
user230,Paul Gutierrez,163241 Elizabeth Forks,(939)-764-2951,PaulGutierrez@buttmail.gov
user231,Stephen Smith,115537 Rachel Oval Suite 862,(521)-849-2613,StephenSmith@buttmail.gov
user232,Ethan Silva,1085 Rivera Knolls Apt. 106,(370)-129-8251,EthanSilva@hotmail.com
user233,Brian Harrison,18477 Callahan Highway,(356)-579-5295,BrianHarrison@aol.com
user234,Kathleen Tanner,1155 Robert Villages,(896)-259-7310,KathleenTanner@gmail.com
user235,Kim Webb,1007 Berger Summit,(570)-284-1720,KimWebb@aol.com
user236,Emily Boyle,16100 Krause Orchard Suite 512,(872)-197-9740,EmilyBoyle@gmail.com
user237,Deborah Dickerson,1601 Jason Radial,(117)-116-2163,DeborahDickerson@gmail.com
user238,Kathleen Conner,1038 Brittany Keys,(636)-662-5234,KathleenConner@hotmail.com
user239,Jasmine Crawford,1PSC 4368 Box 8557,(788)-692-5359,JasmineCrawford@uw.edu
user240,Michelle Juarez,1813 Ball Harbor,(648)-300-7139,MichelleJuarez@aol.com
user241,Jason Cohen,1808 Dennis Lakes,(685)-462-6000,JasonCohen@gmail.com
user242,Jeffrey Mitchell,105556 Anderson Square Apt. 942,(995)-148-2047,JeffreyMitchell@buttmail.gov
user243,Amy Rios,1470 Diaz Row,(801)-254-7724,AmyRios@gmail.com
user244,Brittany Ellis,179894 Garcia Harbors Suite 459,(910)-312-3530,BrittanyEllis@hotmail.com
user245,Kerry Bishop,169004 Debra Ramp Apt. 420,(819)-307-9776,KerryBishop@aol.com
user246,George Rodgers,1897 Robinson Shoals,(278)-561-6799,GeorgeRodgers@uw.edu
user247,Cody Kelly,15231 Mary Fall Apt. 552,(998)-745-5950,CodyKelly@gmail.com
user248,Daniel Myers,19104 Courtney Corner,(309)-165-2740,DanielMyers@aol.com
user249,Amanda Wilson,131001 Webb Cliff,(321)-968-8719,AmandaWilson@gmail.com
user250,Elizabeth Ball,1993 Gilbert Expressway Suite 913,(508)-690-7955,ElizabethBall@aol.com
user251,Theresa Atkinson,108736 Clayton Courts,(794)-216-2137,TheresaAtkinson@buttmail.gov
user252,Lauren Bridges,1500 Dana Run Apt. 661,(792)-397-3035,LaurenBridges@uw.edu
user253,Thomas Howard,163169 Thomas Keys,(204)-884-8850,ThomasHoward@aol.com
user254,Sarah Swanson,1USNS Hooper,(473)-545-3682,SarahSwanson@aol.com
user255,Ryan Davis,136124 Odonnell Flats,(530)-115-1807,RyanDavis@aol.com
user256,Paul Novak,1173 Smith Rapids,(983)-412-4418,PaulNovak@gmail.com
user257,Michelle Morgan,134334 Francis Landing Suite 101,(362)-230-5907,MichelleMorgan@hotmail.com
user258,Amy Johnson,18587 Anthony Plain Apt. 678,(659)-503-4242,AmyJohnson@buttmail.gov
user259,Timothy Massey,1PSC 7653 Box 4056,(136)-336-4191,TimothyMassey@uw.edu
user260,Heather Harvey,1114 Blevins Brook Apt. 390,(892)-940-4336,HeatherHarvey@uw.edu
user261,William Harmon,1045 Nguyen Bypass Suite 557,(193)-754-5482,WilliamHarmon@aol.com
user262,Shari Valdez,109129 Kayla Meadows,(467)-642-7343,ShariValdez@uw.edu
user263,David Simpson,1006 Joe Ranch,(440)-243-9063,DavidSimpson@hotmail.com
user264,Kristin Wright,151276 Roman Shoal,(918)-140-2783,KristinWright@uw.edu
user265,Richard Snyder,1846 Gonzalez Springs,(757)-364-9271,RichardSnyder@uw.edu
user266,Stacy Hernandez,1989 David Ford Suite 063,(906)-334-8951,StacyHernandez@uw.edu
user267,Julie Dixon,13196 Katie Mountains Apt. 839,(882)-682-2863,JulieDixon@uw.edu
user268,Diana Hendricks,1142 Hicks Canyon Suite 490,(863)-280-6636,DianaHendricks@gmail.com
user269,Ronald Palmer,19121 Jennifer Villages Suite 511,(279)-195-7489,RonaldPalmer@buttmail.gov
user270,Laura Thomas,1Unit 8330 Box 1937,(262)-122-8954,LauraThomas@buttmail.gov
user271,Heather Miller,1698 Butler Summit,(163)-686-5611,HeatherMiller@hotmail.com
user272,Charles Alvarez,146234 Wendy Courts Apt. 025,(310)-511-7527,CharlesAlvarez@gmail.com
user273,Christopher Moore,1395 Barnett Heights,(612)-750-5098,ChristopherMoore@hotmail.com
user274,Renee Rogers,1USNV Anderson,(231)-239-3997,ReneeRogers@buttmail.gov
user275,Michelle Smith,14263 Green Villages Apt. 618,(303)-472-1151,MichelleSmith@uw.edu
user276,Brandon Warner,14786 Bradley Islands,(372)-887-3144,BrandonWarner@hotmail.com
user277,Joshua Sanchez,19605 Mariah Row,(857)-598-2079,JoshuaSanchez@gmail.com
user278,Patrick Anderson,19167 Maurice Crest,(721)-797-3695,PatrickAnderson@buttmail.gov
user279,Joe Padilla MD,110791 Lopez Oval,(148)-195-8767,JoePadillaMD@hotmail.com
user280,Joyce Marshall,1790 Green Bridge,(776)-680-9185,JoyceMarshall@uw.edu
user281,Angela Drake,194819 Baldwin Alley Apt. 305,(694)-383-4625,AngelaDrake@buttmail.gov
user282,Paul Johnson,152747 Cortez Port Suite 381,(976)-396-8664,PaulJohnson@gmail.com
user283,Kari Wright,1921 Young Avenue,(845)-303-9588,KariWright@aol.com
user284,Jennifer Robertson,19716 Mayo Fort,(298)-149-5898,JenniferRobertson@buttmail.gov
user285,Chad Sampson,11158 Dustin Motorway,(165)-642-2040,ChadSampson@uw.edu
user286,Andrea Carroll,128223 Snyder Corner Apt. 080,(477)-151-3107,AndreaCarroll@uw.edu
user287,Charles Case,177441 Dustin Stream,(587)-829-6461,CharlesCase@uw.edu
user288,Charlotte Barrera,16758 Roman River Apt. 248,(353)-767-8871,CharlotteBarrera@gmail.com
user289,Danielle Gonzalez,171966 Christensen Shoals,(497)-145-2789,DanielleGonzalez@buttmail.gov
user290,Jordan Hernandez,133850 Sheryl Viaduct Suite 644,(650)-700-5425,JordanHernandez@gmail.com
user291,Jenna Simmons,1143 Nicole Point,(775)-118-5868,JennaSimmons@uw.edu
user292,Daniel Murray,19995 Barnes Port Suite 599,(864)-667-5353,DanielMurray@hotmail.com
user293,Mrs. Angela Johnson,163966 Thompson Islands,(862)-939-7200,Mrs.AngelaJohnson@uw.edu
user294,Katie Livingston,1402 Thomas Island Suite 158,(281)-116-8820,KatieLivingston@aol.com
user295,Spencer Williams,1911 Christina Lane,(816)-139-5477,SpencerWilliams@buttmail.gov
user296,Whitney Rojas,199773 Thomas Mountain Apt. 546,(291)-482-5843,WhitneyRojas@hotmail.com
user297,Nicholas Mann,187422 White Crescent Apt. 658,(595)-497-9279,NicholasMann@aol.com
user298,Samuel Snyder,1490 Derek Street Suite 746,(458)-983-9046,SamuelSnyder@buttmail.gov
user299,Ruth Wright,166633 Brian Plains,(672)-632-3349,RuthWright@aol.com
user300,Steven Lang,1523 Edwards Skyway,(852)-814-6221,StevenLang@gmail.com
user301,Andrew Welch,1USCGC Briggs,(438)-581-8538,AndrewWelch@uw.edu
user302,Maurice Rodriguez,14161 Snyder Well Suite 119,(979)-104-3258,MauriceRodriguez@hotmail.com
user303,Natasha Harvey,1PSC 7130 Box 4934,(611)-822-7237,NatashaHarvey@uw.edu
user304,Steven Hall,1473 Morgan Throughway Apt. 714,(324)-393-5051,StevenHall@buttmail.gov
user305,Nancy Camacho,110677 Patrick Summit,(363)-953-6932,NancyCamacho@gmail.com
user306,Manuel Stephens,1405 Linda Terrace,(984)-527-7022,ManuelStephens@aol.com
user307,Dana Rodriguez,192256 Michelle Camp,(947)-750-9197,DanaRodriguez@hotmail.com
user308,Raymond Guerra,1403 Hall Turnpike,(744)-109-8222,RaymondGuerra@aol.com
user309,Stephen Smith,1USS Nguyen,(165)-297-6307,StephenSmith@uw.edu
user310,Anna Chang,138555 Burnett Path Apt. 022,(679)-108-3786,AnnaChang@hotmail.com
user311,Cynthia Walker,141431 Nelson Gateway Suite 437,(785)-163-4562,CynthiaWalker@hotmail.com
user312,Jeff Cunningham,13349 Reed Harbor Apt. 105,(989)-780-8471,JeffCunningham@gmail.com
user313,Brian Fleming,146975 Kathryn Station,(743)-373-8910,BrianFleming@gmail.com
user314,Tami Hernandez,10815 Melissa Keys,(875)-769-4884,TamiHernandez@aol.com
user315,Ricky Garrett,1229 Lawson Walk,(391)-962-5585,RickyGarrett@aol.com
user316,Angelica Fitzgerald,199199 Elizabeth Fork Apt. 805,(339)-993-6495,AngelicaFitzgerald@uw.edu
user317,James Wolf,110440 Mark Estates,(837)-843-6544,JamesWolf@buttmail.gov
user318,Laura Fuller,15365 Lopez Radial,(780)-378-4889,LauraFuller@aol.com
user319,Stephanie Anderson,15956 Moss Overpass,(531)-120-4785,StephanieAnderson@uw.edu
user320,Andrea Brown,168056 Wiggins Locks,(992)-423-1001,AndreaBrown@uw.edu
user321,Alexander Davis,1061 Haley Island Apt. 343,(780)-301-5046,AlexanderDavis@gmail.com
user322,Carrie Miller,1Unit 8263 Box 8216,(994)-145-8608,CarrieMiller@uw.edu
user323,Nicholas Gardner,146494 Nelson Port,(494)-169-9626,NicholasGardner@uw.edu
user324,Meghan Brown,150852 Blake Groves,(993)-344-5085,MeghanBrown@hotmail.com
user325,Peter Wilson,1289 Timothy Mall Suite 111,(791)-478-5634,PeterWilson@hotmail.com
user326,Andrew Wilcox,12459 Charlene Park,(485)-496-4631,AndrewWilcox@aol.com
user327,Nicholas Nguyen,1PSC 2396 Box 1821,(518)-560-1747,NicholasNguyen@aol.com
user328,Larry Murray,198299 Ho Crescent Apt. 579,(314)-633-5409,LarryMurray@hotmail.com
user329,Mr. Joseph Smith,1USNV Brown,(886)-611-9470,Mr.JosephSmith@uw.edu
user330,Robert Dillon,133315 Michelle Turnpike Suite 435,(123)-143-7105,RobertDillon@buttmail.gov
user331,Tyler Snyder,145343 Jessica Rue Suite 420,(419)-202-9429,TylerSnyder@hotmail.com
user332,Mike Rivas,1908 Amanda Wall,(647)-175-2397,MikeRivas@uw.edu
user333,Michael House,1USCGC Rowe,(741)-353-3485,MichaelHouse@aol.com
user334,Danielle Sanchez,1030 Brooke Rue,(478)-656-2278,DanielleSanchez@gmail.com
user335,Amber Patrick,116877 Kevin Estate,(985)-764-1961,AmberPatrick@aol.com
user336,Christopher Mcdonald,10704 Kelly Creek,(441)-828-5536,ChristopherMcdonald@buttmail.gov
user337,Joseph Meyer,191525 Collins Lodge Suite 646,(195)-674-1749,JosephMeyer@aol.com
user338,Mr. Randy Kramer,1PSC 7263 Box 3959,(405)-943-9429,Mr.RandyKramer@aol.com
user339,Ashley Osborn,146477 Smith Station Suite 466,(176)-809-1716,AshleyOsborn@hotmail.com
user340,Jessica Bryant,1565 Edward Highway,(764)-723-4252,JessicaBryant@gmail.com
user341,Melissa Bond,1Unit 2035 Box 8056,(515)-526-3875,MelissaBond@gmail.com
user342,Susan Johnson,1312 Hunter Lodge,(461)-441-8747,SusanJohnson@uw.edu
user343,Susan Freeman,16436 Blanchard Light Suite 750,(454)-365-6755,SusanFreeman@uw.edu
user344,Bruce Mckenzie,120801 Kim Ramp,(955)-110-8364,BruceMckenzie@hotmail.com
user345,Sheena Murillo,1PSC 8214 Box 3009,(285)-131-6911,SheenaMurillo@buttmail.gov
user346,Kenneth Evans,13128 Cordova Mission,(134)-781-2467,KennethEvans@gmail.com
user347,Jennifer Cuevas,1088 Bell Trail Suite 818,(150)-144-4676,JenniferCuevas@aol.com
user348,Jose Suarez,1323 Harris Walks,(126)-977-1400,JoseSuarez@aol.com
user349,Leslie Morgan,157606 Morgan Crossroad,(625)-849-1561,LeslieMorgan@gmail.com
user350,Sherry Glover,1177 Matthew Ports,(653)-607-8609,SherryGlover@aol.com
user351,Connie Todd,11860 Angel Trafficway,(727)-114-9159,ConnieTodd@uw.edu
user352,Justin Pham,1336 Stephanie Courts,(759)-255-7094,JustinPham@buttmail.gov
user353,Michele Baker,13764 Seth Trace,(770)-640-1540,MicheleBaker@hotmail.com
user354,Lindsey Smith,17134 Tricia Alley Suite 578,(408)-129-1983,LindseySmith@buttmail.gov
user355,Linda Long,12020 Orr Mission,(377)-733-4438,LindaLong@aol.com
user356,Matthew Mckinney,122539 Sara Spur,(588)-597-7479,MatthewMckinney@aol.com
user357,Teresa Johnson,1PSC 1914 Box 9027,(675)-960-2512,TeresaJohnson@aol.com
user358,Randy Watkins,1USCGC Carlson,(292)-454-9997,RandyWatkins@gmail.com
user359,Andrew Mccall,197208 Johnston Estate Suite 744,(400)-611-5681,AndrewMccall@buttmail.gov
user360,Richard Zimmerman,1USCGC Edwards,(229)-884-1114,RichardZimmerman@aol.com
user361,Katherine Donaldson,1258 Alice Cove,(552)-298-6918,KatherineDonaldson@buttmail.gov
user362,Ronald Alexander,118765 Amanda Forks,(881)-718-5044,RonaldAlexander@gmail.com
user363,Angelica Lane,19138 Sabrina Junction,(769)-383-9845,AngelicaLane@gmail.com
user364,Jessica Abbott,19344 Mcintosh Locks Apt. 952,(373)-710-9431,JessicaAbbott@aol.com
user365,Kyle Pearson,16431 Zachary Roads,(876)-102-3467,KylePearson@buttmail.gov
user366,Heather Ward,1599 Gutierrez Course,(445)-325-1494,HeatherWard@aol.com
user367,Scott Martin,187829 Parrish Loop Apt. 647,(842)-458-8742,ScottMartin@uw.edu
user368,Vernon Johnson,12719 Lawson Prairie Apt. 776,(288)-128-4864,VernonJohnson@buttmail.gov
user369,Jason Mason,13681 Whitney Overpass,(436)-351-1600,JasonMason@aol.com
user370,Mary James,1PSC 3387 Box 3916,(494)-589-5032,MaryJames@aol.com
user371,Rebecca Johnson MD,15019 Mallory Motorway,(149)-861-3664,RebeccaJohnsonMD@uw.edu
user372,Paige Robles,19020 Dudley Mission,(743)-559-8492,PaigeRobles@gmail.com
user373,Debra Atkinson,1Unit 6155 Box 2523,(759)-307-6229,DebraAtkinson@aol.com
user374,Christopher Lewis,1116 Nguyen Mission Suite 042,(357)-477-8930,ChristopherLewis@uw.edu
user375,Megan Gonzalez,1139 Mosley Motorway,(330)-703-4496,MeganGonzalez@buttmail.gov
user376,Spencer Harris,1PSC 2245 Box 6059,(215)-755-1623,SpencerHarris@uw.edu
user377,Andrew Bennett,137007 Jennifer Throughway,(497)-894-2348,AndrewBennett@gmail.com
user378,Larry Miles,17473 Michael Gardens,(927)-440-8261,LarryMiles@aol.com
user379,David Cummings,1PSC 8719 Box 8975,(244)-931-3489,DavidCummings@gmail.com
user380,Jasmine Ortiz,16951 Geoffrey Throughway,(882)-453-3020,JasmineOrtiz@gmail.com
user381,David Thomas,1Unit 1196 Box 5506,(291)-745-7850,DavidThomas@gmail.com
user382,Dr. Kathryn Bishop DVM,184661 John Crest Suite 004,(709)-515-5982,Dr.KathrynBishopDVM@hotmail.com
user383,Jennifer Mckinney,1846 Hines Coves Apt. 240,(146)-667-6842,JenniferMckinney@uw.edu
user384,Kimberly Sandoval,17042 Matthew Flats,(655)-766-7715,KimberlySandoval@aol.com
user385,Shannon Johnson,1PSC 9998 Box 9041,(915)-716-2182,ShannonJohnson@aol.com
user386,Daniel Townsend,171287 David River Apt. 580,(595)-105-1675,DanielTownsend@hotmail.com
user387,Heather Larsen,169725 Mejia Inlet,(133)-462-3537,HeatherLarsen@uw.edu
user388,Joshua Barber,15693 Eric Pine,(677)-928-6955,JoshuaBarber@uw.edu
user389,Thomas Chapman,12269 John Stream,(175)-537-7427,ThomasChapman@uw.edu
user390,Mr. Nicholas Terry DVM,16597 James Skyway Apt. 742,(130)-806-8612,Mr.NicholasTerryDVM@hotmail.com
user391,Rebecca Norman,175131 Carr Grove Apt. 562,(854)-431-8545,RebeccaNorman@hotmail.com
user392,Alexis Parsons,111819 Scott Lights,(836)-599-8844,AlexisParsons@aol.com
user393,Tom Saunders,1061 William Underpass Apt. 309,(775)-877-6247,TomSaunders@hotmail.com
user394,Ashley Jacobs,1880 Regina Pass Suite 947,(668)-954-4853,AshleyJacobs@gmail.com
user395,Rebecca Baldwin,18452 Evans Mountains,(292)-452-1801,RebeccaBaldwin@hotmail.com
user396,Jamie Page,18273 Michael Corner Apt. 511,(683)-728-8230,JamiePage@aol.com
user397,Logan Benjamin,1901 Allen Lodge,(502)-277-4383,LoganBenjamin@aol.com
user398,Joseph Fisher,1344 Ashley Corner,(130)-979-4065,JosephFisher@buttmail.gov
user399,Donald Ortega,1Unit 4277 Box 5246,(301)-288-8698,DonaldOrtega@hotmail.com
user400,Brian Nunez,141038 Bethany Circles,(874)-534-6108,BrianNunez@hotmail.com
user401,Ashley Carrillo,17670 Jones Forks Suite 792,(374)-414-9996,AshleyCarrillo@aol.com
user402,Timothy Hines,19317 Burgess Plains,(734)-615-7117,TimothyHines@buttmail.gov
user403,Erin Cruz,171242 Brian Camp Apt. 693,(881)-945-2567,ErinCruz@hotmail.com
user404,James Bush,14001 Middleton Springs,(914)-582-2787,JamesBush@buttmail.gov
user405,Krista Bailey,13856 Hansen Manors Apt. 790,(717)-924-6276,KristaBailey@hotmail.com
user406,Brenda Cooper,158049 Jared Ford Suite 373,(923)-554-3703,BrendaCooper@gmail.com
user407,David Eaton,16851 Roberts Radial,(706)-290-7828,DavidEaton@hotmail.com
user408,Mathew Coleman,160121 Stephanie Villages Apt. 794,(288)-165-5114,MathewColeman@hotmail.com
user409,Kathleen Wolf,18836 Taylor Corners,(938)-143-5266,KathleenWolf@aol.com
user410,Mrs. Rachel Robinson,1438 Brandon Turnpike Suite 246,(223)-916-6718,Mrs.RachelRobinson@uw.edu
user411,Raymond Miller,1791 Kelsey Loop,(190)-485-9731,RaymondMiller@aol.com
user412,Traci Rodriguez,17071 Wilkins Locks,(224)-221-2895,TraciRodriguez@hotmail.com
user413,Kevin Love,1973 Rebecca Drive Apt. 161,(581)-742-4856,KevinLove@gmail.com
user414,Joshua Robinson,179035 Jeff Green Apt. 180,(640)-770-7927,JoshuaRobinson@hotmail.com
user415,Douglas Nunez,1101 Le Mill Apt. 744,(810)-926-3043,DouglasNunez@buttmail.gov
user416,Rachel Mata,12052 Laura Landing,(971)-770-5281,RachelMata@aol.com
user417,Jennifer Vaughn,12791 Michael Mission Suite 976,(262)-400-3314,JenniferVaughn@uw.edu
user418,Sylvia Martinez,13869 Crystal Meadows,(444)-350-2232,SylviaMartinez@uw.edu
user419,Jacqueline Ryan,1PSC 9008 Box 0278,(899)-797-2925,JacquelineRyan@aol.com
user420,William Johnson,10249 Brady Island,(399)-323-9223,WilliamJohnson@buttmail.gov
user421,Mikayla Hill,1USNV Nguyen,(603)-171-9397,MikaylaHill@hotmail.com
user422,Jason Neal,15584 Ashley Inlet Suite 469,(174)-864-6548,JasonNeal@uw.edu
user423,Shari Swanson,1USS Gomez,(942)-119-6216,ShariSwanson@aol.com
user424,Daniel Mack,14046 Spencer Fords Suite 148,(519)-917-2858,DanielMack@gmail.com
user425,Steven Jacobs,12005 Jon Fall Apt. 481,(547)-371-3940,StevenJacobs@uw.edu
user426,Patricia Jones,15910 Henson Extensions Apt. 593,(844)-558-2810,PatriciaJones@buttmail.gov
user427,Jerry Gonzalez,1421 Jones Turnpike,(817)-892-2610,JerryGonzalez@buttmail.gov
user428,Patrick Cook,1750 Roberts Shores,(737)-666-3921,PatrickCook@aol.com
user429,Michael Wise,126455 Erica Station,(600)-565-4479,MichaelWise@buttmail.gov
user430,Michelle Mayo,1445 Miller Ville Suite 955,(718)-103-2600,MichelleMayo@buttmail.gov
user431,Angela Martinez,1826 Chloe Hollow Apt. 460,(291)-496-4758,AngelaMartinez@gmail.com
user432,Jason Wells,115896 Kelsey Crossroad Apt. 525,(870)-859-4269,JasonWells@gmail.com
user433,Phillip Forbes,16298 Thompson Row Suite 903,(844)-700-4245,PhillipForbes@uw.edu
user434,Peter Dunn,16058 James Extensions,(104)-301-2194,PeterDunn@uw.edu
user435,Megan Mccoy,19110 Scott Lake Suite 132,(737)-897-8817,MeganMccoy@uw.edu
user436,Courtney Bell,10373 William Ford,(218)-629-7003,CourtneyBell@aol.com
user437,Rebecca Todd,12351 Coleman Ways Apt. 571,(241)-839-3364,RebeccaTodd@hotmail.com
user438,Amanda Santos,11864 Mendoza Cove Apt. 250,(359)-145-9720,AmandaSantos@aol.com
user439,Daniel Martin,165779 Sandra Walks Apt. 094,(496)-573-8054,DanielMartin@aol.com
user440,Dr. Oscar Stewart,19485 Mays Via Apt. 172,(831)-256-4296,Dr.OscarStewart@gmail.com
user441,Richard Washington,12687 Jamie Unions Suite 390,(217)-291-4923,RichardWashington@hotmail.com
user442,Brandon Ray,1USNV Marks,(577)-284-7133,BrandonRay@uw.edu
user443,Randall Hughes,156454 Scott Drive Apt. 888,(934)-545-8487,RandallHughes@buttmail.gov
user444,David Ballard,145564 Shane Tunnel Suite 852,(890)-248-6854,DavidBallard@hotmail.com
user445,Marcus Brown,18433 Phillips Harbors Apt. 224,(438)-373-3714,MarcusBrown@gmail.com
user446,Randall Holt,1USNV Allen,(781)-375-4554,RandallHolt@gmail.com
user447,Steven Anderson,1PSC 4992 Box 1682,(832)-838-5470,StevenAnderson@uw.edu
user448,Terri Gardner,18816 Ashley Port Suite 997,(258)-881-2781,TerriGardner@buttmail.gov
user449,Michael Page,137936 Freeman Terrace Apt. 724,(471)-353-4748,MichaelPage@aol.com
user450,Cynthia Lopez,17658 Elizabeth Roads Suite 466,(586)-903-9320,CynthiaLopez@buttmail.gov
user451,Helen Anderson,1797 Vang Brook,(754)-578-6476,HelenAnderson@aol.com
user452,Linda Rivera,1USS Perkins,(736)-360-7004,LindaRivera@buttmail.gov
user453,Nicole Pope,123739 Nancy Light Suite 870,(210)-234-9480,NicolePope@buttmail.gov
user454,Kim Miller,100148 Jackson Harbors,(286)-633-5151,KimMiller@aol.com
user455,Edward Schneider,12496 Jordan Well,(971)-935-4288,EdwardSchneider@buttmail.gov
user456,Douglas Lewis,19597 Reginald Drive Apt. 296,(454)-785-4601,DouglasLewis@hotmail.com
user457,Justin Cuevas,17720 James Junction,(707)-163-2512,JustinCuevas@gmail.com
user458,Thomas Humphrey,1107 Gomez Rapids,(170)-851-8653,ThomasHumphrey@uw.edu
user459,Jason Robles,1PSC 9658 Box 0148,(306)-173-9809,JasonRobles@aol.com
user460,Laura Smith,1PSC 6599 Box 1751,(890)-274-7007,LauraSmith@buttmail.gov
user461,Willie Davies,17371 Nicole Rapid Apt. 324,(751)-911-7563,WillieDavies@buttmail.gov
user462,Grace Atkinson,1USS Holloway,(902)-732-3668,GraceAtkinson@hotmail.com
user463,Heather Kim,18694 Teresa Islands Apt. 932,(171)-256-4267,HeatherKim@hotmail.com
user464,Craig Hall,12254 Dale Field Apt. 820,(793)-215-8973,CraigHall@gmail.com
user465,Jessica Tapia,166213 Megan Spur Apt. 608,(264)-864-9527,JessicaTapia@buttmail.gov
user466,Clayton Middleton,174987 Phillip Views,(130)-885-5794,ClaytonMiddleton@gmail.com
user467,Amy Macdonald,1680 Loretta Valleys,(659)-497-1251,AmyMacdonald@buttmail.gov
user468,Thomas Garcia,1361 Wendy Gateway Suite 020,(345)-681-9561,ThomasGarcia@aol.com
user469,Heather Thompson,1450 Kevin Alley Apt. 479,(582)-728-7484,HeatherThompson@uw.edu
user470,Jeffrey Sweeney,14964 Benjamin Burg Apt. 114,(683)-593-8350,JeffreySweeney@hotmail.com
user471,Stephen Lewis,10270 Powell Loaf Apt. 392,(830)-311-6075,StephenLewis@aol.com
user472,Elizabeth Miller,18413 Savannah Park Suite 819,(330)-512-8950,ElizabethMiller@buttmail.gov
user473,Isaac Nielsen,14648 Harris Mountains Apt. 842,(249)-427-3706,IsaacNielsen@buttmail.gov
user474,Kyle Barber,12864 Marilyn Mountains,(260)-931-7740,KyleBarber@hotmail.com
user475,Paul Russell,16863 Albert Pass,(826)-768-5940,PaulRussell@uw.edu
user476,Luis Leach,1017 Montgomery Spurs,(891)-264-4780,LuisLeach@uw.edu
user477,Carrie Yates,1995 Beck Alley Apt. 102,(270)-165-8550,CarrieYates@gmail.com
user478,Robert Baker,1666 Mary Gateway Apt. 625,(745)-712-2123,RobertBaker@aol.com
user479,David Cole,162953 Wilson Flats,(888)-667-7677,DavidCole@uw.edu
user480,Allison Myers,10589 Alexa Crescent Suite 139,(458)-762-3773,AllisonMyers@buttmail.gov
user481,Kristine Miller,195919 Sanchez Corners,(483)-101-8896,KristineMiller@buttmail.gov
user482,Jacob Ward,1945 Fox Village Apt. 694,(219)-505-6363,JacobWard@hotmail.com
user483,Melissa Thompson,1Unit 9786 Box 2996,(360)-337-5733,MelissaThompson@buttmail.gov
user484,Theresa Martinez,17549 Osborne Turnpike,(829)-152-7933,TheresaMartinez@gmail.com
user485,Evan Scott,1447 Aaron Station,(269)-587-2236,EvanScott@uw.edu
user486,Richard Galloway,15830 Arthur Landing,(431)-778-4815,RichardGalloway@hotmail.com
user487,Eric Rollins,113424 Morrison Island Suite 664,(535)-160-9592,EricRollins@aol.com
user488,Richard Johnson,1923 Autumn Gateway,(489)-683-4277,RichardJohnson@uw.edu
user489,Charles Johnston,1071 Lewis Circles Suite 830,(270)-131-5066,CharlesJohnston@uw.edu
user490,Veronica Little,1Unit 0616 Box 8337,(518)-655-8515,VeronicaLittle@aol.com
user491,Carol Wilson,17696 Karen Street Apt. 772,(737)-678-1069,CarolWilson@gmail.com
user492,Brandy Richard DDS,19870 Christopher Expressway,(245)-194-1553,BrandyRichardDDS@buttmail.gov
user493,Nicholas Russo DDS,1520 Linda Point Apt. 913,(930)-931-8050,NicholasRussoDDS@buttmail.gov
user494,Patricia Berg,1988 Lopez Turnpike Suite 900,(701)-667-3725,PatriciaBerg@uw.edu
user495,Amanda Smith,1533 William Summit,(725)-944-1361,AmandaSmith@uw.edu
user496,Tanya Stanton,17427 Wesley Street Apt. 860,(785)-585-7120,TanyaStanton@hotmail.com
user497,Lauren Pierce,184903 Velasquez Wall,(593)-430-1405,LaurenPierce@hotmail.com
user498,Michael Lewis,135462 Jeffrey Branch,(104)-986-2438,MichaelLewis@aol.com
user499,Angela Santos DDS,148003 Woods Valleys,(135)-976-3178,AngelaSantosDDS@gmail.com
user500,Veronica Snow,1965 Bishop Path Apt. 112,(374)-520-7374,VeronicaSnow@gmail.com
user501,Karen Bautista,102240 Mark Forges,(957)-795-1924,KarenBautista@gmail.com
user502,Kathryn Brennan,16491 Sweeney Corner,(626)-308-6035,KathrynBrennan@hotmail.com
user503,Larry Stuart,1260 Clark Row Apt. 523,(953)-235-4873,LarryStuart@hotmail.com
user504,Sally Guzman,1903 Sanchez Via Suite 684,(491)-386-1918,SallyGuzman@gmail.com
user505,Sara Mitchell,10325 Jackson Village,(482)-181-4776,SaraMitchell@hotmail.com
user506,Michael Brown,167906 Natalie Mountain,(977)-197-5906,MichaelBrown@buttmail.gov
user507,Dylan Reed,16655 Stanley Crossroad,(194)-235-9026,DylanReed@gmail.com
user508,Kayla Simon,199749 Jones Parks,(340)-894-2289,KaylaSimon@uw.edu
user509,Gary Rivera,10206 Kaufman Lights,(513)-239-1735,GaryRivera@aol.com
user510,Christopher Bryant,1099 Adam Drive Suite 110,(875)-900-8939,ChristopherBryant@gmail.com
user511,Amanda Cunningham,1405 Gary Lane Suite 279,(713)-444-3914,AmandaCunningham@hotmail.com
user512,Lisa Williams,1PSC 4276 Box 3917,(778)-839-1251,LisaWilliams@hotmail.com
user513,Leslie Collins,14985 Jacob Pike,(777)-572-1323,LeslieCollins@buttmail.gov
user514,Jessica Johnson,150196 Dean Springs Apt. 753,(489)-501-2306,JessicaJohnson@aol.com
user515,Ralph Black PhD,196794 Samuel Junctions,(389)-679-1460,RalphBlackPhD@buttmail.gov
user516,Diane Sutton,1764 Jason Valley,(431)-681-2402,DianeSutton@aol.com
user517,Jacob Mendoza,16953 Raymond Meadow Suite 252,(424)-112-5698,JacobMendoza@hotmail.com
user518,Brittney Barnes,10204 Gregory Extensions Apt. 837,(934)-615-1911,BrittneyBarnes@uw.edu
user519,Jacob Jackson,1625 Jensen Corner,(883)-323-4447,JacobJackson@gmail.com
user520,Susan Davis,112712 Daniel Glens,(197)-902-3392,SusanDavis@buttmail.gov
user521,Danielle Powers,11550 Kyle Bypass,(624)-399-6318,DaniellePowers@aol.com
user522,Jordan Garcia,168862 Kelly Mills Suite 763,(341)-243-6212,JordanGarcia@uw.edu
user523,Anthony Sellers,195125 Wilson Run Suite 830,(454)-495-1765,AnthonySellers@aol.com
user524,Amanda Martin,120694 Wood Divide,(675)-543-3287,AmandaMartin@hotmail.com
user525,Monica Ingram,1837 William Key,(501)-559-2985,MonicaIngram@gmail.com
user526,Joseph Wallace,1368 Moore Mall,(654)-159-9808,JosephWallace@hotmail.com
user527,Andrea Jones,1PSC 2663 Box 5506,(714)-898-6063,AndreaJones@uw.edu
user528,Antonio Moreno,1828 Jasmine Courts,(986)-848-8002,AntonioMoreno@gmail.com
user529,Heather Rodriguez,1USS Wilson,(659)-795-4106,HeatherRodriguez@buttmail.gov
user530,Nichole Huber,157828 Wilkins Village,(876)-693-4501,NicholeHuber@hotmail.com
user531,Alexander Solomon,184033 Bailey Expressway,(349)-380-6444,AlexanderSolomon@gmail.com
user532,Kellie Fuller,19757 Norris Knoll,(862)-698-4610,KellieFuller@aol.com
user533,Jason Stewart,1222 Evans Trafficway Suite 036,(254)-792-6611,JasonStewart@uw.edu
user534,Jesse Brown,1PSC 8358 Box 4832,(892)-926-9529,JesseBrown@hotmail.com
user535,Rebecca Barton,15904 Nelson Key,(182)-109-4911,RebeccaBarton@aol.com
user536,Michele Franklin,16526 Melendez Port,(525)-115-2749,MicheleFranklin@gmail.com
user537,Julie Carlson,18460 Yvette Station Suite 354,(690)-553-6178,JulieCarlson@hotmail.com
user538,Jordan Perez,172379 Gina Junctions,(551)-909-5128,JordanPerez@uw.edu
user539,Daniel Davis,17832 Patrick Radial,(590)-115-5869,DanielDavis@buttmail.gov
user540,Wendy Gordon,1664 Christensen Common,(720)-833-4776,WendyGordon@buttmail.gov
user541,Tyler Stewart,120698 Jose Union,(704)-907-8422,TylerStewart@gmail.com
user542,Kathleen Smith,1PSC 7019 Box 1798,(389)-327-9991,KathleenSmith@buttmail.gov
user543,Kelly Castro,10192 Wong Plains,(992)-832-7288,KellyCastro@uw.edu
user544,Amanda Sanchez,1USNV Wong,(706)-734-5888,AmandaSanchez@gmail.com
user545,Bryan Pollard,1410 Richard Streets Apt. 769,(458)-483-4238,BryanPollard@hotmail.com
user546,Ryan Vega,165469 Palmer Rapids,(607)-391-5697,RyanVega@buttmail.gov
user547,Samantha Diaz,1275 Allison Knoll Suite 837,(391)-444-9583,SamanthaDiaz@buttmail.gov
user548,Robert Wright,19368 Adams Unions Apt. 081,(618)-235-8947,RobertWright@uw.edu
user549,Stephanie Cunningham,1Unit 5402 Box 5470,(892)-569-7967,StephanieCunningham@hotmail.com
user550,William Zimmerman,1971 Brian Stravenue,(954)-538-6760,WilliamZimmerman@hotmail.com
user551,Karen Nash,14595 Crosby Valleys Apt. 225,(445)-329-2711,KarenNash@buttmail.gov
user552,Tracy Hunt,142966 Aaron Springs Suite 493,(418)-636-3227,TracyHunt@gmail.com
user553,John White,1527 Morrow Glen Suite 879,(445)-362-7055,JohnWhite@hotmail.com
user554,Brian Knight,110447 Johnson Lodge Suite 929,(670)-617-8277,BrianKnight@aol.com
user555,Adam Hernandez,19804 Ellis Alley,(273)-100-5451,AdamHernandez@aol.com
user556,Michael Watkins,1813 Norman Inlet Apt. 957,(174)-495-8525,MichaelWatkins@aol.com
user557,Michael Hughes,1602 James Island,(364)-455-9353,MichaelHughes@uw.edu
user558,Tracy King,17644 Christopher Junction,(210)-297-4301,TracyKing@buttmail.gov
user559,Jennifer Murillo,12605 Miller Summit,(799)-333-5037,JenniferMurillo@hotmail.com
user560,Kimberly Patterson,1423 Clark Cape,(347)-544-8542,KimberlyPatterson@uw.edu
user561,Dr. Nicole Garcia,1PSC 4466 Box 1736,(582)-788-2510,Dr.NicoleGarcia@gmail.com
user562,Ronald Garrett,1909 Parsons Radial,(201)-954-8589,RonaldGarrett@aol.com
user563,Shannon Williams,17603 Morris Rapid,(893)-382-8983,ShannonWilliams@aol.com
user564,Cole Bailey,18404 Angela Route,(688)-179-8050,ColeBailey@gmail.com
user565,Heather Stanley,1671 Miller Locks Apt. 536,(437)-250-5548,HeatherStanley@gmail.com
user566,Steven Ward,1860 John Inlet Apt. 804,(551)-323-9848,StevenWard@aol.com
user567,Heather Oconnor,14559 Scott Fords,(347)-136-9554,HeatherOconnor@hotmail.com
user568,Lisa Cook,194740 Drew Locks,(563)-593-3306,LisaCook@hotmail.com
user569,Tammy Clark,1978 Gina Ports,(193)-410-7674,TammyClark@gmail.com
user570,Donna Soto,1Unit 2167 Box 1429,(770)-893-3382,DonnaSoto@uw.edu
user571,Jessica Fuller,13882 Jones Manor,(258)-755-5572,JessicaFuller@hotmail.com
user572,Rhonda Meyer,15638 Zachary Cape Apt. 514,(768)-303-4351,RhondaMeyer@gmail.com
user573,Patricia Stevens,109379 Wall Garden,(801)-784-7870,PatriciaStevens@hotmail.com
user574,James Thompson,139591 Justin Lock Suite 510,(465)-897-7997,JamesThompson@uw.edu
user575,Roger Watkins,1054 Christine Street,(749)-200-5723,RogerWatkins@aol.com
user576,Melissa Grant,138508 Davis Mills Suite 338,(397)-866-4440,MelissaGrant@hotmail.com
user577,Jacob Rhodes,194072 Rivera Pines,(828)-940-1342,JacobRhodes@hotmail.com
user578,Andrew Lawrence,1131 Mccann Summit Suite 407,(996)-369-8315,AndrewLawrence@gmail.com
user579,Robert Elliott,180746 Shelley Place Suite 130,(805)-169-8279,RobertElliott@gmail.com
user580,Linda Martinez,1PSC 5923 Box 6207,(680)-494-2891,LindaMartinez@uw.edu
user581,Suzanne Garrett,1802 Michael Squares Suite 749,(301)-673-9461,SuzanneGarrett@aol.com
user582,Cynthia Daniels,1538 Wendy Canyon,(418)-413-7928,CynthiaDaniels@uw.edu
user583,Troy Gilbert,1314 Katherine Points,(608)-260-8469,TroyGilbert@gmail.com
user584,Brian Cox,1PSC 9040 Box 3598,(631)-417-8810,BrianCox@aol.com
user585,David Carter,135658 Wilcox Center Apt. 814,(582)-616-6158,DavidCarter@aol.com
user586,Jacob George,1271 Deanna Canyon Apt. 835,(700)-591-5970,JacobGeorge@uw.edu
user587,James Johnson,1010 Huffman Brook Suite 570,(165)-948-7099,JamesJohnson@hotmail.com
user588,Andrew Hamilton,17868 Duran Stravenue,(498)-710-5261,AndrewHamilton@aol.com
user589,Monica Brown,1PSC 1149 Box 5729,(816)-332-5241,MonicaBrown@aol.com
user590,Angela Brooks,165854 Jones Square Apt. 043,(584)-573-6258,AngelaBrooks@hotmail.com
user591,Vincent Roberts,15873 Tiffany Overpass Suite 596,(483)-244-6519,VincentRoberts@buttmail.gov
user592,Randy Peters,15120 Garcia Fords,(801)-353-6949,RandyPeters@gmail.com
user593,Shannon Koch,1405 Myers Trail Apt. 753,(360)-879-5004,ShannonKoch@aol.com
user594,Sheila Barber,150366 Johnston Mills Suite 308,(928)-311-8989,SheilaBarber@gmail.com
user595,Donald Armstrong,15634 Merritt Fall,(331)-498-8372,DonaldArmstrong@gmail.com
user596,Adam Brown,1USNS Martinez,(478)-991-9097,AdamBrown@hotmail.com
user597,Teresa Austin,1950 Jeffrey Village Apt. 817,(439)-763-5765,TeresaAustin@buttmail.gov
user598,Shane Moreno,144361 Owens Brooks Suite 972,(178)-838-9009,ShaneMoreno@gmail.com
user599,Harold Hall,1121 Dennis Hollow,(798)-665-5358,HaroldHall@buttmail.gov
user600,Robert Alexander,194749 Lawrence Prairie Suite 216,(347)-862-4056,RobertAlexander@aol.com
user601,Kristen Mcguire,1USS Douglas,(417)-271-9667,KristenMcguire@uw.edu
user602,Raymond Pena,1Unit 6164 Box 5758,(344)-665-3959,RaymondPena@hotmail.com
user603,Sharon Jordan,18038 Brown Cove Suite 527,(638)-884-4621,SharonJordan@gmail.com
user604,Jean Hartman,151184 Anita Haven Suite 842,(617)-421-3783,JeanHartman@hotmail.com
user605,Tina Lewis,1732 Samantha Lakes,(533)-484-4326,TinaLewis@uw.edu
user606,Jennifer Macias,167515 Christopher Radial Suite 109,(416)-333-1905,JenniferMacias@aol.com
user607,David Moore,1268 Suzanne Meadows,(342)-162-8881,DavidMoore@gmail.com
user608,Daniel Lambert,1Unit 1665 Box 1467,(508)-117-7331,DanielLambert@gmail.com
user609,Kyle Hardy,1714 Tanya Gateway,(329)-380-1784,KyleHardy@gmail.com
user610,Krystal Bailey,12512 Moss Haven Apt. 193,(352)-636-1871,KrystalBailey@aol.com
user611,Christine Miller,1112 Davidson Plains Apt. 522,(288)-192-9193,ChristineMiller@uw.edu
user612,Brent Silva,1USNS Mccarthy,(510)-317-2925,BrentSilva@gmail.com
user613,Angel Mayer,17023 Parker Shores,(926)-122-3407,AngelMayer@hotmail.com
user614,Mario Hill,139837 James Lights Apt. 251,(488)-815-7543,MarioHill@gmail.com
user615,Paul Wells,125388 Frank Groves,(322)-313-9133,PaulWells@aol.com
user616,Christopher Moore,1763 Ball Overpass,(660)-685-9998,ChristopherMoore@buttmail.gov
user617,Robert Austin,1938 Stephen Divide Apt. 035,(443)-761-3642,RobertAustin@buttmail.gov
user618,Tina Nielsen,1966 West Mill Suite 539,(564)-791-6826,TinaNielsen@buttmail.gov
user619,Timothy Bell,12450 Pruitt Trafficway,(530)-104-4775,TimothyBell@uw.edu
user620,Dana Morgan,126094 Tanner Crescent,(632)-799-7505,DanaMorgan@buttmail.gov
user621,John Waller,1422 Mark Station Suite 763,(311)-832-2222,JohnWaller@gmail.com
user622,Robin Frazier,114438 Margaret Villages Suite 059,(510)-112-7804,RobinFrazier@gmail.com
user623,David West,13638 Dillon Trail,(196)-569-7117,DavidWest@buttmail.gov
user624,Kimberly Faulkner,12649 Katherine Cliff Suite 218,(429)-536-2028,KimberlyFaulkner@gmail.com
user625,Jessica Thornton,116275 Miller Shores Suite 786,(464)-603-4618,JessicaThornton@gmail.com
user626,Anthony Sanchez,15997 Rodriguez Forest,(254)-756-4720,AnthonySanchez@buttmail.gov
user627,Jessica Morgan,16707 Heather Shoal Suite 737,(865)-538-6097,JessicaMorgan@hotmail.com
user628,Lori Martin,1435 Robles Rapids Apt. 712,(635)-522-8770,LoriMartin@gmail.com
user629,Tina Wolfe,18602 Foley Mountain Suite 581,(699)-152-2130,TinaWolfe@buttmail.gov
user630,Catherine Austin,19543 Alexandria Neck Apt. 080,(812)-636-3372,CatherineAustin@uw.edu
user631,Nancy Walker,19346 Wendy Hill Suite 999,(113)-737-3865,NancyWalker@hotmail.com
user632,Jose Williams,1221 King Falls Suite 601,(487)-362-1408,JoseWilliams@gmail.com
user633,Nicole Barber,18951 Michelle Road,(472)-316-8095,NicoleBarber@hotmail.com
user634,Mr. James Ramsey,186736 Randall Throughway Apt. 973,(374)-260-5155,Mr.JamesRamsey@aol.com
user635,Gregory Fields,18952 Brandon Springs Suite 231,(555)-416-2621,GregoryFields@gmail.com
user636,Tracey Zamora,152328 Jones Flats,(785)-274-7900,TraceyZamora@buttmail.gov
user637,Marcus Pennington,162595 John Brook Suite 482,(603)-604-6695,MarcusPennington@gmail.com
user638,Tim Bentley,1252 Lara Gardens Suite 654,(622)-846-1688,TimBentley@hotmail.com
user639,Shannon Gray,1850 Meza Parkway Suite 690,(976)-200-1047,ShannonGray@uw.edu
user640,Jorge Clay,11708 Hunter Forges Suite 779,(464)-805-1263,JorgeClay@uw.edu
user641,Derrick Fisher,1464 Cynthia Corners,(152)-619-2016,DerrickFisher@uw.edu
user642,Ariana Whitaker,16818 Dean Mountain,(605)-696-5484,ArianaWhitaker@aol.com
user643,Rachel Nelson,114845 Holmes Cliffs Suite 434,(944)-156-8036,RachelNelson@uw.edu
user644,Amanda Mullins,1445 Stephenson Crossing Suite 823,(252)-828-8704,AmandaMullins@gmail.com
user645,James Aguilar,108819 Brett Drive,(978)-477-8155,JamesAguilar@uw.edu
user646,Stephanie Schwartz,157716 Christian Trafficway,(594)-593-5618,StephanieSchwartz@buttmail.gov
user647,Jennifer Hudson,1990 Rios Mission,(537)-596-4532,JenniferHudson@aol.com
user648,Edward Harvey,1067 Warren Wells Suite 395,(924)-303-9893,EdwardHarvey@aol.com
user649,Julia Snyder,1140 Dawson Manor Suite 146,(431)-747-5931,JuliaSnyder@aol.com
user650,Rebecca White,1Unit 7452 Box 7848,(621)-605-1569,RebeccaWhite@buttmail.gov
user651,Thomas Payne,10559 Jackson Villages Suite 574,(493)-320-7696,ThomasPayne@uw.edu
user652,Wesley Lambert,130571 Munoz Falls,(619)-832-5956,WesleyLambert@buttmail.gov
user653,Lindsey Duncan,16433 Evan Squares,(378)-554-6892,LindseyDuncan@gmail.com
user654,Jacob Sanders,1518 Howe Shoal Suite 609,(792)-879-3702,JacobSanders@aol.com
user655,Joe Tate,1772 Young Forest Apt. 552,(543)-105-3757,JoeTate@aol.com
user656,Christie Zhang,118280 Zuniga Mill Suite 504,(746)-605-3888,ChristieZhang@aol.com
user657,William Jones,1970 Campbell Fields Suite 019,(274)-481-4620,WilliamJones@hotmail.com
user658,Steve Ramirez,18289 Hubbard Wells,(596)-383-6815,SteveRamirez@buttmail.gov
user659,Paul Williams,1492 Rhonda Valley,(240)-279-2524,PaulWilliams@hotmail.com
user660,Tiffany Schmitt,13304 Richard Heights,(903)-163-7206,TiffanySchmitt@buttmail.gov
user661,Kimberly Chambers,1263 Russell Via,(224)-290-8739,KimberlyChambers@uw.edu
user662,Mary Hammond,14039 Crosby Mission,(899)-565-1657,MaryHammond@gmail.com
user663,William Fields,10494 Abigail Roads,(395)-135-6000,WilliamFields@gmail.com
user664,Claire Mitchell,19120 Kathleen Flat,(721)-916-9780,ClaireMitchell@aol.com
user665,John Anderson,167599 Hill Mountain,(632)-194-6364,JohnAnderson@buttmail.gov
user666,Amanda Campbell,137590 Jones Ramp Apt. 155,(911)-606-8944,AmandaCampbell@aol.com
user667,Jessica Morales,146832 Hernandez Center,(401)-482-4797,JessicaMorales@aol.com
user668,Jose French,123954 Yoder Roads Suite 922,(487)-192-2833,JoseFrench@gmail.com
user669,Vicki Ross,1Unit 4528 Box 0598,(984)-909-1044,VickiRoss@buttmail.gov
user670,Joseph Hampton,1PSC 4227 Box 6585,(267)-947-9217,JosephHampton@aol.com
user671,Joseph Ortiz,11669 Troy Loop,(148)-880-4235,JosephOrtiz@gmail.com
user672,Anthony Salas,1291 Savage Walk Apt. 313,(215)-329-6874,AnthonySalas@gmail.com
user673,Shelly Ortiz DDS,157766 Vargas Neck Apt. 899,(581)-241-5410,ShellyOrtizDDS@buttmail.gov
user674,Colleen Molina,18223 Freeman Underpass,(389)-879-8877,ColleenMolina@uw.edu
user675,Beverly Hopkins,1964 Barber Tunnel Apt. 754,(999)-417-2915,BeverlyHopkins@aol.com
user676,Mary Burns,1324 Jay Mission Suite 209,(793)-687-3282,MaryBurns@buttmail.gov
user677,Michael Richardson,1798 Randy Ports,(503)-673-9277,MichaelRichardson@buttmail.gov
user678,Alexandra Elliott,1973 Burke Points,(190)-558-2984,AlexandraElliott@hotmail.com
user679,Nicholas Conley,1PSC 2746 Box 6883,(422)-931-1755,NicholasConley@gmail.com
user680,Ryan Powers,137661 Christopher Island Apt. 863,(604)-121-7736,RyanPowers@uw.edu
user681,Mr. Karl Bonilla,1Unit 4139 Box 1856,(685)-549-2469,Mr.KarlBonilla@hotmail.com
user682,Sara Thompson,1USS Davidson,(922)-345-4854,SaraThompson@hotmail.com
user683,John Lozano,1Unit 9172 Box 1702,(475)-117-7918,JohnLozano@aol.com
user684,Daniel Jenkins,15558 Donald Mountain Apt. 618,(520)-195-5723,DanielJenkins@aol.com
user685,Ashley Patel,13672 Wendy Fork,(603)-655-1063,AshleyPatel@uw.edu
user686,Manuel Herring,10616 Phillips Square Suite 393,(726)-613-4344,ManuelHerring@aol.com
user687,Danielle Woods,168194 Brandon Circle Suite 125,(389)-152-7389,DanielleWoods@aol.com
user688,Kendra Spears,146166 Cody Valley Apt. 679,(641)-297-6887,KendraSpears@gmail.com
user689,Tracy Wolf,10400 Carr Fords,(543)-145-4645,TracyWolf@aol.com
user690,Michael Perry,1675 Jodi Shores,(477)-306-5563,MichaelPerry@hotmail.com
user691,Matthew Rios,1USNS Marsh,(735)-874-7641,MatthewRios@hotmail.com
user692,Valerie Brock,1424 Sarah Prairie Apt. 526,(364)-507-7739,ValerieBrock@hotmail.com
user693,Brandon Cannon,12723 Rebecca Walk,(253)-891-8013,BrandonCannon@buttmail.gov
user694,Vernon Allen,1163 Whitaker Flat Suite 472,(651)-854-4195,VernonAllen@buttmail.gov
user695,Nathaniel Vincent,13505 Baldwin Groves Apt. 569,(325)-815-8634,NathanielVincent@uw.edu
user696,Nicole Robinson,18757 Diana Island Suite 000,(502)-953-5344,NicoleRobinson@hotmail.com
user697,Jennifer Baker,1Unit 9271 Box 2695,(239)-104-6290,JenniferBaker@gmail.com
user698,Michelle Hill,144177 White Forge,(682)-475-8380,MichelleHill@gmail.com
user699,Natalie Evans,113669 Garcia Alley Apt. 750,(859)-747-5005,NatalieEvans@hotmail.com
user700,Isaiah Larson,1415 Chase Trail Apt. 200,(242)-915-1857,IsaiahLarson@buttmail.gov
user701,Michael Brooks,1PSC 1526 Box 9421,(866)-159-4363,MichaelBrooks@uw.edu
user702,Amanda Ellison,14986 Brian Motorway Suite 510,(224)-702-3146,AmandaEllison@buttmail.gov
user703,Adam Hess,1103 Stephanie Corners,(908)-982-6953,AdamHess@hotmail.com
user704,Samantha Campbell,15146 Lee Extension Apt. 662,(694)-729-2364,SamanthaCampbell@gmail.com
user705,April Hardin,1USS Miller,(199)-963-9075,AprilHardin@aol.com
user706,Christopher Simpson,162447 Maynard Roads,(896)-703-4640,ChristopherSimpson@hotmail.com
user707,Sharon Small,1USS Davis,(225)-308-1716,SharonSmall@gmail.com
user708,Ashley Price,13252 Angela Ways Apt. 498,(734)-451-9931,AshleyPrice@buttmail.gov
user709,John Franco,10769 Zachary Burgs Suite 790,(658)-459-1409,JohnFranco@uw.edu
user710,Mr. Kevin Wood MD,106081 Shannon Place Apt. 102,(252)-844-2106,Mr.KevinWoodMD@hotmail.com
user711,Christine Baker,1532 James Unions Suite 832,(260)-697-4075,ChristineBaker@aol.com
user712,Michael Sanchez,1641 Martinez Views Apt. 750,(297)-671-7344,MichaelSanchez@hotmail.com
user713,Nicole Wilson,1PSC 8584 Box 4070,(361)-307-7527,NicoleWilson@aol.com
user714,Belinda Powers,1344 Mcbride Green Suite 576,(162)-122-8425,BelindaPowers@uw.edu
user715,Bradley Richardson,15517 Mcmillan Road Suite 606,(680)-978-2751,BradleyRichardson@uw.edu
user716,Bobby Wilson,10863 Mary Cove,(204)-357-1666,BobbyWilson@hotmail.com
user717,Samuel Woods,1561 Eric Street Suite 029,(342)-535-1833,SamuelWoods@aol.com
user718,Jerry Reyes,117938 Crawford Drives Suite 127,(244)-357-7127,JerryReyes@uw.edu
user719,Terri Gonzalez,11377 Kevin Drives Apt. 974,(381)-141-3145,TerriGonzalez@gmail.com
user720,Veronica Miller,13905 Massey Alley Suite 502,(814)-158-2798,VeronicaMiller@aol.com
user721,Luke Vaughn,15434 Dawn Points,(743)-115-4851,LukeVaughn@hotmail.com
user722,Michael Perez,164710 Randolph Plain,(107)-296-8805,MichaelPerez@gmail.com
user723,Misty Diaz,176664 John Mount,(541)-696-9438,MistyDiaz@uw.edu
user724,Melanie Fernandez,13200 Charles Lakes,(671)-327-4059,MelanieFernandez@gmail.com
user725,Heather Cole,188461 Kelly Orchard Apt. 993,(573)-974-9545,HeatherCole@buttmail.gov
user726,Robert Finley,170795 Dana Mews,(423)-413-3811,RobertFinley@gmail.com
user727,Jeremy Parker,1984 Duane Cliff Suite 223,(437)-425-1320,JeremyParker@hotmail.com
user728,Craig Miller,108015 Jennifer Crescent,(705)-769-8190,CraigMiller@hotmail.com
user729,Molly Howell,14954 Raymond Overpass Apt. 131,(412)-640-6708,MollyHowell@aol.com
user730,Aimee Lowe,152151 Robert Cove,(694)-426-8451,AimeeLowe@uw.edu
user731,Nancy Kirby,100492 Grimes Bridge,(952)-489-9297,NancyKirby@uw.edu
user732,Joshua Allen,121577 Watson Estate Suite 596,(875)-729-8936,JoshuaAllen@buttmail.gov
user733,Robert Reynolds,152223 George Lodge Suite 117,(291)-401-3395,RobertReynolds@uw.edu
user734,Kylie Buckley,1180 Amanda Road,(743)-358-8617,KylieBuckley@gmail.com
user735,Kelli Aguirre,1055 Kristen Heights Apt. 573,(264)-153-5815,KelliAguirre@hotmail.com
user736,Andrea Williamson,1258 Samantha Cliff,(382)-739-6884,AndreaWilliamson@uw.edu
user737,Michael Oneal,1908 Giles Prairie,(583)-546-5334,MichaelOneal@gmail.com
user738,Justin Hines,13646 Joan Creek Apt. 843,(455)-158-9828,JustinHines@uw.edu
user739,Scott Bailey,11700 Ashley River,(745)-409-7015,ScottBailey@buttmail.gov
user740,Cody Skinner,19982 Day Isle,(169)-248-6176,CodySkinner@buttmail.gov
user741,Kimberly Norris,14132 Parker Alley,(726)-630-8736,KimberlyNorris@buttmail.gov
user742,Daniel Mcintosh,1297 Kelly Glen,(280)-849-7362,DanielMcintosh@buttmail.gov
user743,Jason Matthews,144480 Smith Islands Suite 133,(148)-473-9768,JasonMatthews@aol.com
user744,Dorothy Wilson,15522 Amanda Lodge,(789)-293-9287,DorothyWilson@aol.com
user745,Megan Ryan,19620 Mary Cliffs Suite 831,(307)-221-3674,MeganRyan@hotmail.com
user746,Brenda Nguyen,1128 Black Station,(845)-348-9722,BrendaNguyen@aol.com
user747,Kim Zimmerman,11525 Reilly Ranch Apt. 369,(674)-693-2125,KimZimmerman@hotmail.com
user748,David Smith,1917 Stacy Landing Apt. 172,(721)-516-7116,DavidSmith@uw.edu
user749,Gregory Carlson,1857 Lambert Orchard,(508)-324-5452,GregoryCarlson@aol.com
user750,Doris Cox,19876 Thompson Fort,(232)-865-2645,DorisCox@buttmail.gov
user751,Mark Taylor,1Unit 6035 Box 4641,(734)-906-1087,MarkTaylor@aol.com
user752,Kendra Hamilton,15494 Corey Tunnel,(343)-773-9680,KendraHamilton@aol.com
user753,Carrie Liu,1666 Moore Forks,(918)-214-5300,CarrieLiu@buttmail.gov
user754,Ashley Trujillo,140129 Williams Mountains Suite 405,(972)-993-6352,AshleyTrujillo@buttmail.gov
user755,Dr. Rachael Jenkins,1116 Jennifer Oval,(260)-603-1744,Dr.RachaelJenkins@buttmail.gov
user756,David Nelson,137671 Daniel Parkways,(637)-256-9116,DavidNelson@uw.edu
user757,Patrick Sloan,154765 Steven Prairie,(548)-719-1367,PatrickSloan@buttmail.gov
user758,Jonathan Drake,13824 Cordova Vista,(798)-557-4868,JonathanDrake@buttmail.gov
user759,John Nelson,11013 James Village Apt. 266,(538)-452-5851,JohnNelson@aol.com
user760,Lisa Zuniga,12463 Alexandra Hollow Suite 441,(694)-204-9896,LisaZuniga@hotmail.com
user761,Phillip Nunez,1578 Swanson Throughway,(934)-772-9255,PhillipNunez@uw.edu
user762,Cindy Hart,171762 Davis Squares Apt. 969,(922)-211-8409,CindyHart@hotmail.com
user763,Gina Rodriguez,1116 Green Causeway Apt. 402,(557)-245-6781,GinaRodriguez@buttmail.gov
user764,Nancy Young,14031 Juarez Trail Apt. 121,(191)-656-5008,NancyYoung@uw.edu
user765,Karen Ruiz,11713 Campos Summit,(574)-545-8259,KarenRuiz@gmail.com
user766,Devin Nelson,1742 Mclean Branch,(248)-414-6918,DevinNelson@hotmail.com
user767,Joyce Austin,136448 Donald Grove Suite 229,(384)-564-8818,JoyceAustin@gmail.com
user768,Karen Davis,161778 Mccoy Shore,(371)-709-7602,KarenDavis@uw.edu
user769,Teresa Barker,1500 Tucker Knolls Suite 486,(262)-474-7606,TeresaBarker@hotmail.com
user770,Holly Thomas,1USCGC Roberts,(641)-981-8421,HollyThomas@gmail.com
user771,Tara Taylor,1Unit 0442 Box 8772,(984)-341-9169,TaraTaylor@gmail.com
user772,Brian Smith,1354 Anthony Center Apt. 087,(384)-503-9127,BrianSmith@aol.com
user773,Kathleen Coleman,1PSC 1677 Box 1278,(613)-528-3009,KathleenColeman@uw.edu
user774,Jesse Hanna,148745 Howard Camp,(690)-608-6609,JesseHanna@buttmail.gov
user775,Richard Valdez,16962 Simpson Road Apt. 917,(210)-877-4310,RichardValdez@uw.edu
user776,Miss Brandi Santos DVM,134155 Cole Centers,(649)-174-7851,MissBrandiSantosDVM@aol.com
user777,Dr. Pamela Peterson DDS,1PSC 3939 Box 3804,(303)-725-7599,Dr.PamelaPetersonDDS@gmail.com
user778,Nicole Huff,1945 Reeves Streets,(681)-799-5349,NicoleHuff@uw.edu
user779,Savannah Pierce,199811 Michelle Well Suite 976,(930)-324-5199,SavannahPierce@hotmail.com
user780,Ms. Victoria Mccarty,11922 Colleen Loaf,(547)-989-1946,Ms.VictoriaMccarty@hotmail.com
user781,Richard Parker,1660 Rivera Summit,(645)-225-2751,RichardParker@gmail.com
user782,Catherine Wells,112637 Vanessa Mission,(311)-469-5614,CatherineWells@gmail.com
user783,Joseph Stokes,129303 Mathis Plains,(472)-700-5710,JosephStokes@gmail.com
user784,Kevin Hall,19376 Barton Ridges Apt. 006,(547)-258-5582,KevinHall@buttmail.gov
user785,Dave Rubio,13805 Lynn Bridge Suite 134,(305)-343-1095,DaveRubio@aol.com
user786,Christina Hill,19297 April Plaza Apt. 182,(270)-212-6064,ChristinaHill@uw.edu
user787,Brian Maynard,190100 Gomez Drives,(664)-119-6078,BrianMaynard@uw.edu
user788,Andrew Jones,1419 Norman Branch,(641)-281-9953,AndrewJones@uw.edu
user789,Justin Hill,102194 Christy Circle,(121)-574-8718,JustinHill@aol.com
user790,Kristen Richards,15119 Elizabeth Forge,(983)-307-2006,KristenRichards@uw.edu
user791,Jennifer Peterson,1364 William Springs,(912)-331-5828,JenniferPeterson@buttmail.gov
user792,Shannon Lynch,16498 Julia Plains Apt. 102,(409)-335-5125,ShannonLynch@hotmail.com
user793,Alan Herrera,105750 Jason Crescent,(622)-813-1559,AlanHerrera@aol.com
user794,Sarah Ortiz,191871 Anthony Shores,(519)-390-8251,SarahOrtiz@aol.com
user795,Taylor Ward,16340 Pruitt Divide Apt. 947,(767)-984-2982,TaylorWard@buttmail.gov
user796,Martin Terry,118345 Sean Ville,(796)-540-6407,MartinTerry@aol.com
user797,Amy Mullins,152229 Luis Forge,(650)-666-6789,AmyMullins@buttmail.gov
user798,Mr. Isaac Thompson,19648 Gregory Skyway,(682)-233-3203,Mr.IsaacThompson@aol.com
user799,Susan Kirby,150800 Potts Views Suite 319,(641)-175-8491,SusanKirby@gmail.com
user800,Lacey Miller,187033 Melissa Cove,(644)-249-9466,LaceyMiller@uw.edu
user801,Regina Smith,115269 Carol Isle Apt. 975,(298)-844-9277,ReginaSmith@buttmail.gov
user802,Emma Adams,127712 Harrington View,(561)-456-2008,EmmaAdams@gmail.com
user803,Dylan Scott,124540 Johnson Fall Suite 495,(416)-541-7396,DylanScott@buttmail.gov
user804,Kimberly Lawson,1Unit 7941 Box 6143,(280)-845-6114,KimberlyLawson@aol.com
user805,Rebecca Hayes,1713 Chelsea Mountain Suite 780,(841)-806-1909,RebeccaHayes@uw.edu
user806,Jennifer Lopez,1Unit 0463 Box 8022,(595)-477-3562,JenniferLopez@buttmail.gov
user807,Tonya Robertson,1PSC 4431 Box 8805,(932)-648-7709,TonyaRobertson@hotmail.com
user808,Sally Young,194127 Hall Mountain,(897)-163-5451,SallyYoung@buttmail.gov
user809,Erik Bond,1634 White Spring Suite 271,(713)-323-4716,ErikBond@gmail.com
user810,Ashley Davis,1819 Patterson Key,(574)-114-3381,AshleyDavis@aol.com
user811,Sylvia Mills,184750 Michael Coves,(890)-410-5448,SylviaMills@buttmail.gov
user812,Michael Hanna,142336 Jackson Station Apt. 965,(607)-939-6092,MichaelHanna@uw.edu
user813,Matthew Rowe,10903 Thomas Knoll Suite 580,(470)-340-8609,MatthewRowe@gmail.com
user814,Deborah Berry,160348 Virginia Spur,(507)-777-9106,DeborahBerry@hotmail.com
user815,Sherry Hicks,1264 Adam Courts,(723)-226-2782,SherryHicks@hotmail.com
user816,Melissa Hartman,1289 Thomas Fall Apt. 630,(330)-298-4752,MelissaHartman@uw.edu
user817,Stephanie Lawrence,1PSC 6149 Box 3578,(265)-740-1672,StephanieLawrence@uw.edu
user818,Donna Hess,16717 Janet Roads,(443)-928-8978,DonnaHess@buttmail.gov
user819,Julie Gonzalez,167882 Smith Vista Suite 560,(364)-786-6074,JulieGonzalez@uw.edu
user820,Terry Blankenship,1239 Eric Court,(318)-132-2869,TerryBlankenship@aol.com
user821,John Short,165570 Scott Square Apt. 801,(727)-687-7214,JohnShort@gmail.com
user822,James White,141520 Stewart Course,(840)-627-1275,JamesWhite@gmail.com
user823,Rachel Jones,1855 Wilson Mews Apt. 702,(421)-332-4092,RachelJones@buttmail.gov
user824,Matthew Hoover,1631 Cooper Place Suite 786,(949)-644-5170,MatthewHoover@buttmail.gov
user825,Shaun Levine,1854 Megan Extensions,(999)-845-8731,ShaunLevine@hotmail.com
user826,Shelby Garcia,1142 Gonzalez Estate Suite 922,(806)-790-1072,ShelbyGarcia@hotmail.com
user827,Jacob Pena,163118 Justin Orchard Suite 295,(278)-702-4556,JacobPena@buttmail.gov
user828,Rachel Robinson,1PSC 8755 Box 1447,(713)-971-5765,RachelRobinson@hotmail.com
user829,Gary Vazquez,165446 Mitchell Mill,(393)-876-6136,GaryVazquez@gmail.com
user830,Michael Sanchez,18324 Deborah Overpass Suite 726,(423)-732-7052,MichaelSanchez@buttmail.gov
user831,Gerald Young,13590 Latoya Mill Apt. 124,(726)-202-5456,GeraldYoung@buttmail.gov
user832,Hannah King,1225 Tyler Port,(380)-678-2626,HannahKing@buttmail.gov
user833,Jessica Pena,18203 Whitney Inlet Suite 035,(866)-490-1334,JessicaPena@gmail.com
user834,Pamela Shannon,15776 Torres Cape Apt. 210,(579)-445-1779,PamelaShannon@hotmail.com
user835,Tanya Black,191542 Travis Terrace,(247)-604-8547,TanyaBlack@hotmail.com
user836,Jacqueline Johnston,144742 Harris Island Suite 620,(383)-479-3904,JacquelineJohnston@uw.edu
user837,Mark Lang,106960 Johnson Via Apt. 558,(154)-788-9847,MarkLang@aol.com
user838,Cheryl Gonzalez,194102 Pamela Alley Suite 431,(269)-307-4464,CherylGonzalez@buttmail.gov
user839,James Ashley,1965 Lance Vista,(681)-383-7880,JamesAshley@aol.com
user840,James Campos,15679 Danielle Via Suite 890,(757)-957-9049,JamesCampos@hotmail.com
user841,Michael Jones,1932 Aaron Lodge,(216)-537-1680,MichaelJones@uw.edu
user842,Tiffany Taylor,12996 Jay Loop,(203)-249-3452,TiffanyTaylor@hotmail.com
user843,Tina Gomez,1672 Bowman Overpass Apt. 002,(779)-826-5932,TinaGomez@hotmail.com
user844,Stephanie Vance,154090 Misty Throughway Suite 078,(951)-496-4381,StephanieVance@gmail.com
user845,Diane Baker,1PSC 7360 Box 7713,(241)-292-2803,DianeBaker@aol.com
user846,Mr. Clinton Ortega,163986 Sarah Village,(153)-642-7739,Mr.ClintonOrtega@uw.edu
user847,Alan Johns,1918 Watkins Cliffs Suite 122,(251)-852-9154,AlanJohns@gmail.com
user848,Natasha Harper,17950 William Parks Suite 426,(951)-548-5158,NatashaHarper@gmail.com
user849,Angela Williams,157958 Brian Divide,(399)-993-3572,AngelaWilliams@hotmail.com
user850,Gina Rush,1242 Luis Club Suite 136,(658)-259-2224,GinaRush@aol.com
user851,Dr. Bradley Stephens,15513 Curtis Lane Suite 746,(235)-142-8042,Dr.BradleyStephens@buttmail.gov
user852,Chase Mack,13100 Nicole Row Apt. 544,(188)-110-4155,ChaseMack@hotmail.com
user853,Lauren Bradshaw,1USS Williams,(316)-645-9412,LaurenBradshaw@hotmail.com
user854,Vanessa Banks,1738 Myers Ford Suite 750,(324)-750-4296,VanessaBanks@uw.edu
user855,Theresa Bright MD,1PSC 3602 Box 7413,(558)-893-6481,TheresaBrightMD@aol.com
user856,Sabrina Hardin,109652 Ana Forge Apt. 458,(217)-134-5141,SabrinaHardin@buttmail.gov
user857,Stephen Johnson,18689 Horne Orchard,(673)-567-5078,StephenJohnson@buttmail.gov
user858,Shawn Frazier,1872 Dennis Walks,(535)-356-3878,ShawnFrazier@uw.edu
user859,Robert Cortez,1293 Mariah Turnpike,(387)-465-7256,RobertCortez@uw.edu
user860,Kristina Gomez,1149 Mcguire Lakes,(395)-908-5164,KristinaGomez@aol.com
user861,Jesus Guerrero,130018 Harris View,(615)-220-7743,JesusGuerrero@hotmail.com
user862,Kevin Sims,1755 Webb Wells Apt. 057,(765)-989-3173,KevinSims@uw.edu
user863,Susan Herrera,1USNS Mayer,(305)-314-7558,SusanHerrera@aol.com
user864,Jesse Griffin,1176 Sampson Crest,(656)-852-6558,JesseGriffin@gmail.com
user865,Tyler Stone,1756 Christina Station Suite 148,(165)-268-4021,TylerStone@gmail.com
user866,Oscar Wilson,134641 Chandler Cove Suite 291,(657)-418-8176,OscarWilson@uw.edu
user867,Brian English,132316 Madeline Burgs,(896)-466-5502,BrianEnglish@uw.edu
user868,Michael Stone,126888 Rojas Mountain Suite 597,(451)-432-9056,MichaelStone@buttmail.gov
user869,Robert Williams,1599 Sarah Viaduct,(288)-605-7464,RobertWilliams@gmail.com
user870,Andrea Harris,19146 Crawford Throughway,(494)-715-2672,AndreaHarris@buttmail.gov
user871,Stanley Reynolds,18786 Arnold Haven Suite 082,(115)-725-9532,StanleyReynolds@gmail.com
user872,Michael Wade,1Unit 5817 Box 5731,(272)-634-8776,MichaelWade@aol.com
user873,Sara Rivera,11474 Tony Prairie Apt. 544,(133)-680-3238,SaraRivera@gmail.com
user874,Michael Meadows,142752 Allen Dam Suite 711,(636)-620-1300,MichaelMeadows@gmail.com
user875,Nicole Cunningham,1Unit 4910 Box 0100,(190)-568-7506,NicoleCunningham@hotmail.com
user876,Rachel Riley,11670 Hines Meadows Apt. 838,(800)-716-7925,RachelRiley@aol.com
user877,Megan Rich,159186 Emily Centers,(753)-110-1721,MeganRich@aol.com
user878,Alexander Mcclain,15266 Bradley Alley,(999)-144-7589,AlexanderMcclain@gmail.com
user879,Tracie Cobb,1USNS Gutierrez,(136)-746-6928,TracieCobb@aol.com
user880,Laura Acevedo,165423 Rodriguez Prairie Suite 324,(466)-491-1877,LauraAcevedo@aol.com
user881,Joseph Ruiz,1827 Farmer Track,(327)-806-7706,JosephRuiz@buttmail.gov
user882,Matthew Campbell,1891 Alex Manor,(304)-560-4278,MatthewCampbell@hotmail.com
user883,Ann Walker,1122 Alexandra Lake Suite 885,(711)-225-9922,AnnWalker@gmail.com
user884,Justin Smith,1PSC 6344 Box 9469,(673)-838-6649,JustinSmith@buttmail.gov
user885,Christina Smith,166902 Gary Centers,(843)-924-1707,ChristinaSmith@aol.com
user886,Michelle Butler,1845 West Gardens Apt. 816,(165)-981-1958,MichelleButler@buttmail.gov
user887,Stephanie Baker,15201 Jessica Divide Apt. 427,(621)-133-4947,StephanieBaker@aol.com
user888,Steven Morgan,10953 Williams Villages Apt. 560,(383)-761-4534,StevenMorgan@hotmail.com
user889,Amanda Crawford,16855 Lauren Causeway,(859)-969-6452,AmandaCrawford@buttmail.gov
user890,Kenneth Davis,145213 Carr Loaf Apt. 914,(191)-821-2936,KennethDavis@uw.edu
user891,Charles Morrison,15234 Trevor Grove,(866)-473-9022,CharlesMorrison@buttmail.gov
user892,William Bryan,1083 Wells Springs,(767)-744-4841,WilliamBryan@buttmail.gov
user893,Steven Warren,1023 Mcconnell Views,(379)-382-5013,StevenWarren@hotmail.com
user894,Alexander Edwards,1968 Yvonne Loop Apt. 903,(213)-988-7303,AlexanderEdwards@gmail.com
user895,Alyssa Owens,16077 Watkins Squares,(260)-496-2480,AlyssaOwens@uw.edu
user896,Desiree Williams,1867 Justin Junctions,(999)-678-2591,DesireeWilliams@uw.edu
user897,Tonya Daniel,1020 Megan Pike Apt. 307,(946)-603-1437,TonyaDaniel@buttmail.gov
user898,Elizabeth Young,118817 Amy Spurs,(349)-431-6071,ElizabethYoung@uw.edu
user899,Jeremiah Cunningham,1171 Henry Heights,(142)-888-9683,JeremiahCunningham@gmail.com
user900,Mrs. Caroline Ramsey,16273 Brenda Grove,(187)-961-8871,Mrs.CarolineRamsey@aol.com
user901,Christina Larson,18754 Robin Pike,(990)-410-6565,ChristinaLarson@hotmail.com
user902,Amy Zavala,186032 Rebecca Hills Apt. 600,(112)-346-2371,AmyZavala@uw.edu
user903,Martin Hernandez,123515 Amanda Track,(239)-917-5474,MartinHernandez@hotmail.com
user904,Cindy Martin,1020 Kyle Corners,(683)-458-5058,CindyMartin@hotmail.com
user905,Robert Robertson,170299 Morgan Corner,(879)-434-9253,RobertRobertson@uw.edu
user906,Jennifer Gonzalez,1343 Laura Prairie Suite 198,(402)-813-3725,JenniferGonzalez@aol.com
user907,Molly Mason,1Unit 2366 Box 0747,(732)-946-9273,MollyMason@gmail.com
user908,Vickie Rose,16113 Lisa Squares Apt. 065,(206)-428-1505,VickieRose@gmail.com
user909,Anthony Woods,1Unit 2020 Box 7992,(665)-914-7936,AnthonyWoods@buttmail.gov
user910,Melinda Davis,1Unit 9166 Box 6517,(404)-140-1587,MelindaDavis@buttmail.gov
user911,Lori Sanchez,17015 Barber Coves Suite 641,(648)-531-9338,LoriSanchez@uw.edu
user912,Mrs. Kimberly Butler,1969 Davis Spring,(296)-330-6355,Mrs.KimberlyButler@uw.edu
user913,Cynthia Hamilton MD,1805 Matthew Dale Suite 108,(722)-114-6221,CynthiaHamiltonMD@buttmail.gov
user914,Robert Booker,1749 Donald Mews Apt. 921,(817)-587-3381,RobertBooker@buttmail.gov
user915,Andrew Yates,11150 Mullins Stream Apt. 012,(441)-162-8005,AndrewYates@hotmail.com
user916,Marvin Finley,1445 John Plains Suite 093,(798)-382-5704,MarvinFinley@hotmail.com
user917,Justin Conner,188514 Kevin Fords,(876)-945-7474,JustinConner@gmail.com
user918,Gabriel Landry,1869 Darren Trace Suite 410,(180)-155-5518,GabrielLandry@aol.com
user919,Brian Chavez,189152 Amanda Squares,(565)-132-3538,BrianChavez@aol.com
user920,Cody Davis,1618 Moreno Circle,(761)-195-1328,CodyDavis@buttmail.gov
user921,Keith Allen,19376 Martin Islands,(395)-734-4582,KeithAllen@aol.com
user922,Scott Hernandez,19829 Avila Ports,(388)-130-2146,ScottHernandez@aol.com
user923,Ashley English MD,185715 Casey Motorway,(181)-922-9509,AshleyEnglishMD@uw.edu
user924,Michael Levine,1269 Darren Roads,(104)-410-6982,MichaelLevine@buttmail.gov
user925,Christopher Woods,144487 Victoria Wall,(734)-774-7375,ChristopherWoods@aol.com
user926,Katie Decker,122957 Simmons Parks,(233)-990-5882,KatieDecker@uw.edu
user927,Manuel Patterson,1189 Cox Meadow,(709)-470-1079,ManuelPatterson@aol.com
user928,Casey Wilson,175478 Mitchell Mews,(319)-104-2208,CaseyWilson@hotmail.com
user929,Joseph Palmer,1Unit 7239 Box 4450,(140)-225-5365,JosephPalmer@uw.edu
user930,Terri Li,10717 Scott Alley Apt. 992,(690)-710-2409,TerriLi@buttmail.gov
user931,Austin Reynolds,18022 Nicole Summit,(419)-195-6734,AustinReynolds@gmail.com
user932,Elizabeth Mcdaniel,169126 Rodney Grove,(880)-858-4769,ElizabethMcdaniel@hotmail.com
user933,Christopher May,17223 Stewart Island Suite 779,(813)-405-6882,ChristopherMay@uw.edu
user934,Chelsea Johnson,135306 Green Station,(492)-618-2935,ChelseaJohnson@aol.com
user935,Vernon Ortiz,133491 Lopez Mills Apt. 676,(685)-243-2246,VernonOrtiz@aol.com
user936,James Gonzalez,1325 Jackson Knoll,(406)-549-4825,JamesGonzalez@buttmail.gov
user937,Eric May,146391 Tapia Cove Suite 976,(519)-412-7888,EricMay@gmail.com
user938,Crystal Scott,10869 Mccall Roads,(280)-793-5063,CrystalScott@buttmail.gov
user939,Jacqueline Guerrero,1688 Decker Cliff Suite 778,(633)-752-1169,JacquelineGuerrero@hotmail.com
user940,Samantha Mack,158250 Mendoza Junctions,(370)-767-2667,SamanthaMack@gmail.com
user941,April Brady,13419 Gary Pass,(270)-366-1182,AprilBrady@buttmail.gov
user942,Justin Middleton,1779 Oneal Coves Suite 240,(577)-758-7592,JustinMiddleton@uw.edu
user943,Tammy Hernandez,1479 Monica Street Apt. 658,(152)-892-4562,TammyHernandez@uw.edu
user944,Ashley Cook,1525 Kelly Turnpike Suite 405,(585)-998-8016,AshleyCook@gmail.com
user945,Dr. Christopher Ray DDS,16734 Stacy Corner Suite 452,(180)-208-3728,Dr.ChristopherRayDDS@gmail.com
user946,Linda Wolf,14654 Melissa Fords Apt. 164,(861)-522-4065,LindaWolf@uw.edu
user947,Alicia Warren,1USNV Adams,(164)-105-2313,AliciaWarren@uw.edu
user948,Darlene Herman,10872 Moore Club Apt. 015,(894)-224-6182,DarleneHerman@hotmail.com
user949,Morgan Savage,12472 Lisa Fords Apt. 843,(107)-452-6495,MorganSavage@buttmail.gov
user950,Megan Smith,15452 Kimberly Streets Apt. 448,(748)-989-7598,MeganSmith@buttmail.gov
user951,Julie Bauer,150094 Stuart View Suite 681,(146)-120-1866,JulieBauer@gmail.com
user952,Donald Brown,123468 Horn Causeway Suite 851,(992)-651-4477,DonaldBrown@uw.edu
user953,Megan Perez,19622 Goodwin Rapid Suite 035,(315)-873-6225,MeganPerez@buttmail.gov
user954,Sarah Montoya,10598 Smith Ports,(161)-230-3552,SarahMontoya@gmail.com
user955,Jennifer Morris,109737 West Islands,(407)-208-6781,JenniferMorris@gmail.com
user956,Sandra Mora,187334 Smith Isle Apt. 425,(833)-449-4912,SandraMora@hotmail.com
user957,Lori Reynolds,1090 Taylor Ville Suite 131,(649)-509-6897,LoriReynolds@gmail.com
user958,William Newman,146129 Michael Tunnel Suite 434,(936)-422-5135,WilliamNewman@aol.com
user959,Michael King,15999 Tammy Ville Suite 277,(622)-430-1756,MichaelKing@uw.edu
user960,Louis Lynn,180997 Serrano Spurs Suite 892,(793)-851-3760,LouisLynn@buttmail.gov
user961,Jerry Reyes,118122 Dakota Oval Suite 214,(764)-847-5962,JerryReyes@hotmail.com
user962,Thomas Craig,1USNV Juarez,(654)-246-7902,ThomasCraig@gmail.com
user963,Mary Taylor,129402 Baldwin Ford Apt. 400,(658)-424-2388,MaryTaylor@uw.edu
user964,Michael Jones,17715 Angelica Mews,(674)-821-1081,MichaelJones@aol.com
user965,Angela Fernandez,1301 Kathryn Lights,(374)-230-7504,AngelaFernandez@buttmail.gov
user966,Jonathan Moore,10748 Preston Park Apt. 634,(691)-898-7211,JonathanMoore@aol.com
user967,Ann Harris,11612 Macias Expressway Suite 319,(410)-113-8567,AnnHarris@gmail.com
user968,Scott Guerrero,1USCGC Abbott,(518)-817-9996,ScottGuerrero@uw.edu
user969,Carmen Alvarado,17059 Joshua Summit,(301)-285-3502,CarmenAlvarado@uw.edu
user970,Curtis Roberson,145913 Rebecca Knolls Apt. 480,(388)-559-5024,CurtisRoberson@aol.com
user971,Edward Hanson,1859 Dean Locks Apt. 089,(658)-345-3422,EdwardHanson@buttmail.gov
user972,Derek Ford,1258 Lowery Camp,(226)-667-7677,DerekFord@aol.com
user973,Brian Kelley,1387 Sara Square,(952)-229-2081,BrianKelley@gmail.com
user974,David Luna,1581 Haas Street,(589)-517-1045,DavidLuna@aol.com
user975,Matthew Blackwell,1625 Mcbride Terrace,(465)-277-8973,MatthewBlackwell@gmail.com
user976,Andrew Wallace,1490 Martinez Island,(928)-304-8432,AndrewWallace@gmail.com
user977,Tricia Mcconnell,1297 Adams Passage,(287)-222-6432,TriciaMcconnell@uw.edu
user978,Carrie Wright,1051 Alex Field,(345)-333-8483,CarrieWright@hotmail.com
user979,Daniel Williams,1631 Bates Mews,(248)-560-8909,DanielWilliams@gmail.com
user980,John Powell,109001 Solomon Coves,(784)-673-1864,JohnPowell@buttmail.gov
user981,Michael Mcdonald,16317 Noah Centers,(563)-374-6417,MichaelMcdonald@buttmail.gov
user982,Michelle Mcgee,1PSC 0437 Box 3227,(703)-543-2759,MichelleMcgee@gmail.com
user983,Luis Dunn,1186 Smith Pines,(322)-437-6209,LuisDunn@uw.edu
user984,Michelle Mathews,129519 Herrera Via,(124)-244-8352,MichelleMathews@uw.edu
user985,Holly Dixon,101549 Diaz Trace Apt. 044,(792)-411-8021,HollyDixon@uw.edu
user986,Larry Odom,1516 Anderson View,(958)-814-5946,LarryOdom@aol.com
user987,Sean Anderson,134119 Harrell Knolls,(263)-945-2088,SeanAnderson@gmail.com
user988,Thomas Allen,10491 Ricky Flat,(793)-846-6839,ThomasAllen@buttmail.gov
user989,Mr. Jordan Sanchez,160199 Jordan Mews Apt. 208,(529)-351-4187,Mr.JordanSanchez@aol.com
user990,Kathy Bailey,16826 Wise Fords Suite 497,(712)-685-6957,KathyBailey@gmail.com
user991,Brenda Robinson,1485 Sandra Groves Apt. 107,(129)-401-5807,BrendaRobinson@buttmail.gov
user992,Daniel Allen,1294 Snyder Bypass,(643)-712-4080,DanielAllen@buttmail.gov
user993,Jeremy Jones,1713 Jensen Spring,(854)-729-8057,JeremyJones@gmail.com
user994,Gary Hood,1PSC 3048 Box 3910,(820)-769-9774,GaryHood@uw.edu
user995,Nicholas Ruiz PhD,19276 Lutz Way,(659)-636-8529,NicholasRuizPhD@aol.com
user996,Kevin Morgan,159563 Baxter Wells,(585)-846-9812,KevinMorgan@hotmail.com
user997,Evan Baker,1747 Massey Prairie,(871)-540-3436,EvanBaker@hotmail.com
user998,Curtis Jones,118750 Mary Point Apt. 226,(123)-802-5679,CurtisJones@uw.edu
user999,Jessica Hicks,102954 Lopez Center Apt. 342,(660)-884-5069,JessicaHicks@uw.edu