XR15,Ball,77.00
SE53,Balloon,74.00
SG41,Cello,19.00
ZJ66,Telephone,64.00
MA96,Shrimp,33.00
BF95,Mall,23.00
OI65,Saxophone,25.00
TD84,Potato,90.00
BJ83,Crib,28.00
CZ72,Apple,38.00
OW95,Town,35.00
YB53,Candy,2.00
PX17,Elephant,48.00
BP52,Pen,83.00
QW45,Stairs,57.00
IN64,Ring,68.00
XJ70,Library,98.00
SC83,Bra,9.00
ZM76,Sofa,21.00
GU74,Popcorn,57.00
ZF60,Shoulder,74.00
FX18,Earrings,43.00
QG51,Spoon,38.00
HH99,Glasses,77.00
RG80,Garlic,50.00
BS53,Vest,14.00
RK27,Tree,54.00
PL56,Laptop,38.00
CP86,Hen,38.00
KA26,Pharmacy,19.00
QZ24,Sandwich,42.00
GE58,Chair,98.00
QD94,Mirror,93.00
LJ88,Shoulder,24.00
KD43,Sparrow,29.00
WB61,Hat,89.00
XC84,Clock,21.00
JX86,Sandwich,35.00
CI25,Coffee,101.00
OJ97,Zebra,41.00
EV64,Pen,37.00
RU14,Sink,89.00
HB61,Lemon,50.00
SB23,Drum,39.00
XA70,Shrimp,83.00
NS97,Wallet,28.00
NC98,Tablet,99.00
KH46,Spoon,58.00
UM55,Train,30.00
ZS34,Town,66.00
YO30,Taxi,51.00
YA55,Tablet,92.00
UV61,Music,40.00
CU69,Carpet,100.00
FM2,Onion,17.00
LH86,Car,34.00
UZ16,Cardigan,55.00
FF27,Turtle,98.00
AJ79,Goat,94.00
VE39,Whale,50.00
ER39,Crest,13.00
BL63,Boat,55.00
ZB81,Crest,67.00
CN80,Stairs,86.00
VQ31,Trousers,28.00
YN83,Tablet,22.00
DU87,Washing machine,63.00
NL76,Lighter,43.00
VE48,Frock,86.00
GJ35,Stairs,41.00
XQ40,Heels,67.00
