KK88,Hospital,53.00
XK91,Parrot,57.00
TW78,Apron,29.00
WT84,Tunnel,51.00
XC25,Pencil,94.00
WK0,Train,10.00
ZQ82,Mall,59.00
HB12,Pyramid,20.00
DG61,Necklace,73.00
MC6,Purse,80.00
WW14,Horse,59.00
HP10,Slippers,12.00
XO18,Herbs,14.00
CP71,Bakery,20.00
XO76,Orange,64.00
LG54,Flag,19.00
VP94,Elephant,4.00
LL33,Model,29.00
GD84,Plane,84.00
QN32,Hat,75.00
RR14,Guitar,48.00
IJ20,Shirt,86.00
UJ72,Spoon,50.00
YC72,Mobile,49.00
ET87,Mango,49.00
CM29,Bookstore,10.00
NH76,Sweater,20.00
EU46,Carpet,24.00
DI89,Desk,71.00
OD9,Bat,75.00
AR88,Bat,17.00
OJ25,Sunglasses,79.00
NS55,Toothbrush,47.00
CF17,Aircraft,11.00
SI54,Turkey,99.00
WB14,Temple,64.00
GS63,Fan,69.00
SL60,Scale,75.00
LY52,Jewelry,71.00
TZ19,Candy,41.00
TZ15,Carpet,85.00
XE36,Cow,62.00
QI5,Bank,44.00
TT80,Jewelry,10.00
CP97,Smoke,15.00
BF98,Spoon,69.00
ER67,Book,31.00
CJ48,Bookstore,91.00
HN3,Drum,35.00
PU25,Sandals,14.00
EQ15,Blazer,58.00
SE44,Chest,89.00
PN54,Wolf,60.00
ZP86,Sweater,90.00
FS84,Model,59.00
EF74,Pencil,26.00
HA19,Jersey,24.00
HU45,Suit,71.00
FT32,Gift,4.00
OU66,Bulb,74.00
PE43,Hat,69.00
AW70,Fork,33.00
OJ70,Armchair,10.00
TP7,Hamburger,74.00
HL34,Shorts,57.00
XB17,Oil,8.00
NH80,Xylophone,44.00
JW50,Pasta,20.00
EB87,Book,69.00
ZD19,Chest,75.00
VY61,Boxers,77.00
IK64,Lamp,87.00
JA24,Wallet,59.00
OB60,Lamp,20.00
YO73,Film,44.00
RW85,Shoes,20.00
OG11,Grains,90.00
HT30,Plant,3.00
DJ11,Table,101.00
HM28,Street,86.00
DF91,Crow,3.00
CX94,Perfume,80.00
LM79,Chicken,38.00
DT94,Bookstore,1.00
GR57,Pyramid,24.00
DE64,Remote Control,58.00
UF9,Moonlight,27.00
SD82,Suit,35.00
ZJ55,Juicer,99.00
DK21,Rice,56.00
MD78,Whale,43.00
IR34,Bill,97.00
SJ34,Orange,43.00
WA33,Drum,71.00
NS22,Pen,73.00
MX47,Board,40.00
VU43,Coffee,79.00
HP97,Ambulance,32.00
MX0,Jewelry,12.00
MF2,Scale,62.00
