id,name,rentals
cst001,Charlie,prd001 prd002
cst002,Andrey,prd002 prd003
cst003,Vijay,prd001 prd003
cst004,Vijay,prd001 prd003
cst005,Vijay,prd001 prd003
cst006,Vijay,prd001 prd003
cst007,Vijay,prd001 prd003
cst008,Vijay,prd001 prd003
cst009,Vijay,prd001 prd003
cst010,Vijay,prd001 prd003
cst011,Vijay,prd001 prd003
cst012,Vijay,prd001 prd003
cst013,Vijay,prd001 prd003
cst014,Vijay,prd001 prd003
cst015,Vijay,prd001 prd003
cst016,Vijay,prd001 prd003
cst017,Vijay,prd001 prd003
cst018,Vijay,prd001 prd003
cst019,Vijay,prd001 prd003
cst020,Vijay,prd001 prd003
cst021,Vijay,prd001 prd003
cst022,Vijay,prd001 prd003
cst023,Vijay,prd001 prd003
cst024,Vijay,prd001 prd003
cst025,Vijay,prd001 prd003
cst026,Vijay,prd001 prd003
cst027,Vijay,prd001 prd003
cst028,Vijay,prd001 prd003
cst029,Vijay,prd001 prd003
cst030,Vijay,prd001 prd003
cst031,Vijay,prd001 prd003
cst032,Vijay,prd001 prd003
cst033,Vijay,prd001 prd003
cst034,Vijay,prd001 prd003
cst035,Vijay,prd001 prd003
cst036,Vijay,prd001 prd003
cst037,Vijay,prd001 prd003
cst038,Vijay,prd001 prd003
cst039,Vijay,prd001 prd003
cst040,Vijay,prd001 prd003
cst041,Vijay,prd001 prd003
cst042,Vijay,prd001 prd003
cst043,Vijay,prd001 prd003
cst044,Vijay,prd001 prd003
cst045,Vijay,prd001 prd003
cst046,Vijay,prd001 prd003
cst047,Vijay,prd001 prd003
cst048,Vijay,prd001 prd003
cst049,Vijay,prd001 prd003
cst050,Vijay,prd001 prd003
cst051,Vijay,prd001 prd003
cst052,Vijay,prd001 prd003
cst053,Vijay,prd001 prd003
cst054,Vijay,prd001 prd003
cst055,Vijay,prd001 prd003
cst056,Vijay,prd001 prd003
cst057,Vijay,prd001 prd003
cst058,Vijay,prd001 prd003
cst059,Vijay,prd001 prd003
cst060,Vijay,prd001 prd003
cst061,Vijay,prd001 prd003
cst062,Vijay,prd001 prd003
cst063,Vijay,prd001 prd003
cst064,Vijay,prd001 prd003
cst065,Vijay,prd001 prd003
cst066,Vijay,prd001 prd003
cst067,Vijay,prd001 prd003
cst068,Vijay,prd001 prd003
cst069,Vijay,prd001 prd003
cst070,Vijay,prd001 prd003
cst071,Vijay,prd001 prd003
cst072,Vijay,prd001 prd003
cst073,Vijay,prd001 prd003
cst074,Vijay,prd001 prd003
cst075,Vijay,prd001 prd003
cst076,Vijay,prd001 prd003
cst077,Vijay,prd001 prd003
cst078,Vijay,prd001 prd003
cst079,Vijay,prd001 prd003
cst080,Vijay,prd001 prd003
cst081,Vijay,prd001 prd003
cst082,Vijay,prd001 prd003
cst083,Vijay,prd001 prd003
cst084,Vijay,prd001 prd003
cst085,Vijay,prd001 prd003
cst086,Vijay,prd001 prd003
cst087,Vijay,prd001 prd003
cst088,Vijay,prd001 prd003
cst089,Vijay,prd001 prd003
cst090,Vijay,prd001 prd003
cst091,Vijay,prd001 prd003
cst092,Vijay,prd001 prd003
cst093,Vijay,prd001 prd003
cst094,Vijay,prd001 prd003
cst095,Vijay,prd001 prd003
cst096,Vijay,prd001 prd003
cst097,Vijay,prd001 prd003
cst098,Vijay,prd001 prd003
cst099,Vijay,prd001 prd003
cst100,Vijay,prd001 prd003
cst101,Vijay,prd001 prd003
cst102,Vijay,prd001 prd003
cst103,Vijay,prd001 prd003
cst104,Vijay,prd001 prd003
cst105,Vijay,prd001 prd003
cst106,Vijay,prd001 prd003
cst107,Vijay,prd001 prd003
cst108,Vijay,prd001 prd003
cst109,Vijay,prd001 prd003
cst110,Vijay,prd001 prd003
cst111,Vijay,prd001 prd003
cst112,Vijay,prd001 prd003
cst113,Vijay,prd001 prd003
cst114,Vijay,prd001 prd003
cst115,Vijay,prd001 prd003
cst116,Vijay,prd001 prd003
cst117,Vijay,prd001 prd003
cst118,Vijay,prd001 prd003
cst119,Vijay,prd001 prd003
cst120,Vijay,prd001 prd003
cst121,Vijay,prd001 prd003
cst122,Vijay,prd001 prd003
cst123,Vijay,prd001 prd003
cst124,Vijay,prd001 prd003
cst125,Vijay,prd001 prd003
cst126,Vijay,prd001 prd003
cst127,Vijay,prd001 prd003
cst128,Vijay,prd001 prd003
cst129,Vijay,prd001 prd003
cst130,Vijay,prd001 prd003
cst131,Vijay,prd001 prd003
cst132,Vijay,prd001 prd003
cst133,Vijay,prd001 prd003
cst134,Vijay,prd001 prd003
cst135,Vijay,prd001 prd003
cst136,Vijay,prd001 prd003
cst137,Vijay,prd001 prd003
cst138,Vijay,prd001 prd003
cst139,Vijay,prd001 prd003
cst140,Vijay,prd001 prd003
cst141,Vijay,prd001 prd003
cst142,Vijay,prd001 prd003
cst143,Vijay,prd001 prd003
cst144,Vijay,prd001 prd003
cst145,Vijay,prd001 prd003
cst146,Vijay,prd001 prd003
cst147,Vijay,prd001 prd003
cst148,Vijay,prd001 prd003
cst149,Vijay,prd001 prd003
cst150,Vijay,prd001 prd003
cst151,Vijay,prd001 prd003
cst152,Vijay,prd001 prd003
cst153,Vijay,prd001 prd003
cst154,Vijay,prd001 prd003
cst155,Vijay,prd001 prd003
cst156,Vijay,prd001 prd003
cst157,Vijay,prd001 prd003
cst158,Vijay,prd001 prd003
cst159,Vijay,prd001 prd003
cst160,Vijay,prd001 prd003
cst161,Vijay,prd001 prd003
cst162,Vijay,prd001 prd003
cst163,Vijay,prd001 prd003
cst164,Vijay,prd001 prd003
cst165,Vijay,prd001 prd003
cst166,Vijay,prd001 prd003
cst167,Vijay,prd001 prd003
cst168,Vijay,prd001 prd003
cst169,Vijay,prd001 prd003
cst170,Vijay,prd001 prd003
cst171,Vijay,prd001 prd003
cst172,Vijay,prd001 prd003
cst173,Vijay,prd001 prd003
cst174,Vijay,prd001 prd003
cst175,Vijay,prd001 prd003
cst176,Vijay,prd001 prd003
cst177,Vijay,prd001 prd003
cst178,Vijay,prd001 prd003
cst179,Vijay,prd001 prd003
cst180,Vijay,prd001 prd003
cst181,Vijay,prd001 prd003
cst182,Vijay,prd001 prd003
cst183,Vijay,prd001 prd003
cst184,Vijay,prd001 prd003
cst185,Vijay,prd001 prd003
cst186,Vijay,prd001 prd003
cst187,Vijay,prd001 prd003
cst188,Vijay,prd001 prd003
cst189,Vijay,prd001 prd003
cst190,Vijay,prd001 prd003
cst191,Vijay,prd001 prd003
cst192,Vijay,prd001 prd003
cst193,Vijay,prd001 prd003
cst194,Vijay,prd001 prd003
cst195,Vijay,prd001 prd003
cst196,Vijay,prd001 prd003
cst197,Vijay,prd001 prd003
cst198,Vijay,prd001 prd003
cst199,Vijay,prd001 prd003
cst200,Vijay,prd001 prd003
cst201,Vijay,prd001 prd003
cst202,Vijay,prd001 prd003
cst203,Vijay,prd001 prd003
cst204,Vijay,prd001 prd003
cst205,Vijay,prd001 prd003
cst206,Vijay,prd001 prd003
cst207,Vijay,prd001 prd003
cst208,Vijay,prd001 prd003
cst209,Vijay,prd001 prd003
cst210,Vijay,prd001 prd003
cst211,Vijay,prd001 prd003
cst212,Vijay,prd001 prd003
cst213,Vijay,prd001 prd003
cst214,Vijay,prd001 prd003
cst215,Vijay,prd001 prd003
cst216,Vijay,prd001 prd003
cst217,Vijay,prd001 prd003
cst218,Vijay,prd001 prd003
cst219,Vijay,prd001 prd003
cst220,Vijay,prd001 prd003
cst221,Vijay,prd001 prd003
cst222,Vijay,prd001 prd003
cst223,Vijay,prd001 prd003
cst224,Vijay,prd001 prd003
cst225,Vijay,prd001 prd003
cst226,Vijay,prd001 prd003
cst227,Vijay,prd001 prd003
cst228,Vijay,prd001 prd003
cst229,Vijay,prd001 prd003
cst230,Vijay,prd001 prd003
cst231,Vijay,prd001 prd003
cst232,Vijay,prd001 prd003
cst233,Vijay,prd001 prd003
cst234,Vijay,prd001 prd003
cst235,Vijay,prd001 prd003
cst236,Vijay,prd001 prd003
cst237,Vijay,prd001 prd003
cst238,Vijay,prd001 prd003
cst239,Vijay,prd001 prd003
cst240,Vijay,prd001 prd003
cst241,Vijay,prd001 prd003
cst242,Vijay,prd001 prd003
cst243,Vijay,prd001 prd003
cst244,Vijay,prd001 prd003
cst245,Vijay,prd001 prd003
cst246,Vijay,prd001 prd003
cst247,Vijay,prd001 prd003
cst248,Vijay,prd001 prd003
cst249,Vijay,prd001 prd003
cst250,Vijay,prd001 prd003
cst251,Vijay,prd001 prd003
cst252,Vijay,prd001 prd003
cst253,Vijay,prd001 prd003
cst254,Vijay,prd001 prd003
cst255,Vijay,prd001 prd003
cst256,Vijay,prd001 prd003
cst257,Vijay,prd001 prd003
cst258,Vijay,prd001 prd003
cst259,Vijay,prd001 prd003
cst260,Vijay,prd001 prd003
cst261,Vijay,prd001 prd003
cst262,Vijay,prd001 prd003
cst263,Vijay,prd001 prd003
cst264,Vijay,prd001 prd003
cst265,Vijay,prd001 prd003
cst266,Vijay,prd001 prd003
cst267,Vijay,prd001 prd003
cst268,Vijay,prd001 prd003
cst269,Vijay,prd001 prd003
cst270,Vijay,prd001 prd003
cst271,Vijay,prd001 prd003
cst272,Vijay,prd001 prd003
cst273,Vijay,prd001 prd003
cst274,Vijay,prd001 prd003
cst275,Vijay,prd001 prd003
cst276,Vijay,prd001 prd003
cst277,Vijay,prd001 prd003
cst278,Vijay,prd001 prd003
cst279,Vijay,prd001 prd003
cst280,Vijay,prd001 prd003
cst281,Vijay,prd001 prd003
cst282,Vijay,prd001 prd003
cst283,Vijay,prd001 prd003
cst284,Vijay,prd001 prd003
cst285,Vijay,prd001 prd003
cst286,Vijay,prd001 prd003
cst287,Vijay,prd001 prd003
cst288,Vijay,prd001 prd003
cst289,Vijay,prd001 prd003
cst290,Vijay,prd001 prd003
cst291,Vijay,prd001 prd003
cst292,Vijay,prd001 prd003
cst293,Vijay,prd001 prd003
cst294,Vijay,prd001 prd003
cst295,Vijay,prd001 prd003
cst296,Vijay,prd001 prd003
cst297,Vijay,prd001 prd003
cst298,Vijay,prd001 prd003
cst299,Vijay,prd001 prd003
cst300,Vijay,prd001 prd003
cst301,Vijay,prd001 prd003
cst302,Vijay,prd001 prd003
cst303,Vijay,prd001 prd003
cst304,Vijay,prd001 prd003
cst305,Vijay,prd001 prd003
cst306,Vijay,prd001 prd003
cst307,Vijay,prd001 prd003
cst308,Vijay,prd001 prd003
cst309,Vijay,prd001 prd003
cst310,Vijay,prd001 prd003
cst311,Vijay,prd001 prd003
cst312,Vijay,prd001 prd003
cst313,Vijay,prd001 prd003
cst314,Vijay,prd001 prd003
cst315,Vijay,prd001 prd003
cst316,Vijay,prd001 prd003
cst317,Vijay,prd001 prd003
cst318,Vijay,prd001 prd003
cst319,Vijay,prd001 prd003
cst320,Vijay,prd001 prd003
cst321,Vijay,prd001 prd003
cst322,Vijay,prd001 prd003
cst323,Vijay,prd001 prd003
cst324,Vijay,prd001 prd003
cst325,Vijay,prd001 prd003
cst326,Vijay,prd001 prd003
cst327,Vijay,prd001 prd003
cst328,Vijay,prd001 prd003
cst329,Vijay,prd001 prd003
cst330,Vijay,prd001 prd003
cst331,Vijay,prd001 prd003
cst332,Vijay,prd001 prd003
cst333,Vijay,prd001 prd003
cst334,Vijay,prd001 prd003
cst335,Vijay,prd001 prd003
cst336,Vijay,prd001 prd003
cst337,Vijay,prd001 prd003
cst338,Vijay,prd001 prd003
cst339,Vijay,prd001 prd003
cst340,Vijay,prd001 prd003
cst341,Vijay,prd001 prd003
cst342,Vijay,prd001 prd003
cst343,Vijay,prd001 prd003
cst344,Vijay,prd001 prd003
cst345,Vijay,prd001 prd003
cst346,Vijay,prd001 prd003
cst347,Vijay,prd001 prd003
cst348,Vijay,prd001 prd003
cst349,Vijay,prd001 prd003
cst350,Vijay,prd001 prd003
cst351,Vijay,prd001 prd003
cst352,Vijay,prd001 prd003
cst353,Vijay,prd001 prd003
cst354,Vijay,prd001 prd003
cst355,Vijay,prd001 prd003
cst356,Vijay,prd001 prd003
cst357,Vijay,prd001 prd003
cst358,Vijay,prd001 prd003
cst359,Vijay,prd001 prd003
cst360,Vijay,prd001 prd003
cst361,Vijay,prd001 prd003
cst362,Vijay,prd001 prd003
cst363,Vijay,prd001 prd003
cst364,Vijay,prd001 prd003
cst365,Vijay,prd001 prd003
cst366,Vijay,prd001 prd003
cst367,Vijay,prd001 prd003
cst368,Vijay,prd001 prd003
cst369,Vijay,prd001 prd003
cst370,Vijay,prd001 prd003
cst371,Vijay,prd001 prd003
cst372,Vijay,prd001 prd003
cst373,Vijay,prd001 prd003
cst374,Vijay,prd001 prd003
cst375,Vijay,prd001 prd003
cst376,Vijay,prd001 prd003
cst377,Vijay,prd001 prd003
cst378,Vijay,prd001 prd003
cst379,Vijay,prd001 prd003
cst380,Vijay,prd001 prd003
cst381,Vijay,prd001 prd003
cst382,Vijay,prd001 prd003
cst383,Vijay,prd001 prd003
cst384,Vijay,prd001 prd003
cst385,Vijay,prd001 prd003
cst386,Vijay,prd001 prd003
cst387,Vijay,prd001 prd003
cst388,Vijay,prd001 prd003
cst389,Vijay,prd001 prd003
cst390,Vijay,prd001 prd003
cst391,Vijay,prd001 prd003
cst392,Vijay,prd001 prd003
cst393,Vijay,prd001 prd003
cst394,Vijay,prd001 prd003
cst395,Vijay,prd001 prd003
cst396,Vijay,prd001 prd003
cst397,Vijay,prd001 prd003
cst398,Vijay,prd001 prd003
cst399,Vijay,prd001 prd003
cst400,Vijay,prd001 prd003
cst401,Vijay,prd001 prd003
cst402,Vijay,prd001 prd003
cst403,Vijay,prd001 prd003
cst404,Vijay,prd001 prd003
cst405,Vijay,prd001 prd003
cst406,Vijay,prd001 prd003
cst407,Vijay,prd001 prd003
cst408,Vijay,prd001 prd003
cst409,Vijay,prd001 prd003
cst410,Vijay,prd001 prd003
cst411,Vijay,prd001 prd003
cst412,Vijay,prd001 prd003
cst413,Vijay,prd001 prd003
cst414,Vijay,prd001 prd003
cst415,Vijay,prd001 prd003
cst416,Vijay,prd001 prd003
cst417,Vijay,prd001 prd003
cst418,Vijay,prd001 prd003
cst419,Vijay,prd001 prd003
cst420,Vijay,prd001 prd003
cst421,Vijay,prd001 prd003
cst422,Vijay,prd001 prd003
cst423,Vijay,prd001 prd003
cst424,Vijay,prd001 prd003
cst425,Vijay,prd001 prd003
cst426,Vijay,prd001 prd003
cst427,Vijay,prd001 prd003
cst428,Vijay,prd001 prd003
cst429,Vijay,prd001 prd003
cst430,Vijay,prd001 prd003
cst431,Vijay,prd001 prd003
cst432,Vijay,prd001 prd003
cst433,Vijay,prd001 prd003
cst434,Vijay,prd001 prd003
cst435,Vijay,prd001 prd003
cst436,Vijay,prd001 prd003
cst437,Vijay,prd001 prd003
cst438,Vijay,prd001 prd003
cst439,Vijay,prd001 prd003
cst440,Vijay,prd001 prd003
cst441,Vijay,prd001 prd003
cst442,Vijay,prd001 prd003
cst443,Vijay,prd001 prd003
cst444,Vijay,prd001 prd003
cst445,Vijay,prd001 prd003
cst446,Vijay,prd001 prd003
cst447,Vijay,prd001 prd003
cst448,Vijay,prd001 prd003
cst449,Vijay,prd001 prd003
cst450,Vijay,prd001 prd003
cst451,Vijay,prd001 prd003
cst452,Vijay,prd001 prd003
cst453,Vijay,prd001 prd003
cst454,Vijay,prd001 prd003
cst455,Vijay,prd001 prd003
cst456,Vijay,prd001 prd003
cst457,Vijay,prd001 prd003
cst458,Vijay,prd001 prd003
cst459,Vijay,prd001 prd003
cst460,Vijay,prd001 prd003
cst461,Vijay,prd001 prd003
cst462,Vijay,prd001 prd003
cst463,Vijay,prd001 prd003
cst464,Vijay,prd001 prd003
cst465,Vijay,prd001 prd003
cst466,Vijay,prd001 prd003
cst467,Vijay,prd001 prd003
cst468,Vijay,prd001 prd003
cst469,Vijay,prd001 prd003
cst470,Vijay,prd001 prd003
cst471,Vijay,prd001 prd003
cst472,Vijay,prd001 prd003
cst473,Vijay,prd001 prd003
cst474,Vijay,prd001 prd003
cst475,Vijay,prd001 prd003
cst476,Vijay,prd001 prd003
cst477,Vijay,prd001 prd003
cst478,Vijay,prd001 prd003
cst479,Vijay,prd001 prd003
cst480,Vijay,prd001 prd003
cst481,Vijay,prd001 prd003
cst482,Vijay,prd001 prd003
cst483,Vijay,prd001 prd003
cst484,Vijay,prd001 prd003
cst485,Vijay,prd001 prd003
cst486,Vijay,prd001 prd003
cst487,Vijay,prd001 prd003
cst488,Vijay,prd001 prd003
cst489,Vijay,prd001 prd003
cst490,Vijay,prd001 prd003
cst491,Vijay,prd001 prd003
cst492,Vijay,prd001 prd003
cst493,Vijay,prd001 prd003
cst494,Vijay,prd001 prd003
cst495,Vijay,prd001 prd003
cst496,Vijay,prd001 prd003
cst497,Vijay,prd001 prd003
cst498,Vijay,prd001 prd003
cst499,Vijay,prd001 prd003
cst500,Vijay,prd001 prd003
cst501,Vijay,prd001 prd003
cst502,Vijay,prd001 prd003
cst503,Vijay,prd001 prd003
cst504,Vijay,prd001 prd003
cst505,Vijay,prd001 prd003
cst506,Vijay,prd001 prd003
cst507,Vijay,prd001 prd003
cst508,Vijay,prd001 prd003
cst509,Vijay,prd001 prd003
cst510,Vijay,prd001 prd003
cst511,Vijay,prd001 prd003
cst512,Vijay,prd001 prd003
cst513,Vijay,prd001 prd003
cst514,Vijay,prd001 prd003
cst515,Vijay,prd001 prd003
cst516,Vijay,prd001 prd003
cst517,Vijay,prd001 prd003
cst518,Vijay,prd001 prd003
cst519,Vijay,prd001 prd003
cst520,Vijay,prd001 prd003
cst521,Vijay,prd001 prd003
cst522,Vijay,prd001 prd003
cst523,Vijay,prd001 prd003
cst524,Vijay,prd001 prd003
cst525,Vijay,prd001 prd003
cst526,Vijay,prd001 prd003
cst527,Vijay,prd001 prd003
cst528,Vijay,prd001 prd003
cst529,Vijay,prd001 prd003
cst530,Vijay,prd001 prd003
cst531,Vijay,prd001 prd003
cst532,Vijay,prd001 prd003
cst533,Vijay,prd001 prd003
cst534,Vijay,prd001 prd003
cst535,Vijay,prd001 prd003
cst536,Vijay,prd001 prd003
cst537,Vijay,prd001 prd003
cst538,Vijay,prd001 prd003
cst539,Vijay,prd001 prd003
cst540,Vijay,prd001 prd003
cst541,Vijay,prd001 prd003
cst542,Vijay,prd001 prd003
cst543,Vijay,prd001 prd003
cst544,Vijay,prd001 prd003
cst545,Vijay,prd001 prd003
cst546,Vijay,prd001 prd003
cst547,Vijay,prd001 prd003
cst548,Vijay,prd001 prd003
cst549,Vijay,prd001 prd003
cst550,Vijay,prd001 prd003
cst551,Vijay,prd001 prd003
cst552,Vijay,prd001 prd003
cst553,Vijay,prd001 prd003
cst554,Vijay,prd001 prd003
cst555,Vijay,prd001 prd003
cst556,Vijay,prd001 prd003
cst557,Vijay,prd001 prd003
cst558,Vijay,prd001 prd003
cst559,Vijay,prd001 prd003
cst560,Vijay,prd001 prd003
cst561,Vijay,prd001 prd003
cst562,Vijay,prd001 prd003
cst563,Vijay,prd001 prd003
cst564,Vijay,prd001 prd003
cst565,Vijay,prd001 prd003
cst566,Vijay,prd001 prd003
cst567,Vijay,prd001 prd003
cst568,Vijay,prd001 prd003
cst569,Vijay,prd001 prd003
cst570,Vijay,prd001 prd003
cst571,Vijay,prd001 prd003
cst572,Vijay,prd001 prd003
cst573,Vijay,prd001 prd003
cst574,Vijay,prd001 prd003
cst575,Vijay,prd001 prd003
cst576,Vijay,prd001 prd003
cst577,Vijay,prd001 prd003
cst578,Vijay,prd001 prd003
cst579,Vijay,prd001 prd003
cst580,Vijay,prd001 prd003
cst581,Vijay,prd001 prd003
cst582,Vijay,prd001 prd003
cst583,Vijay,prd001 prd003
cst584,Vijay,prd001 prd003
cst585,Vijay,prd001 prd003
cst586,Vijay,prd001 prd003
cst587,Vijay,prd001 prd003
cst588,Vijay,prd001 prd003
cst589,Vijay,prd001 prd003
cst590,Vijay,prd001 prd003
cst591,Vijay,prd001 prd003
cst592,Vijay,prd001 prd003
cst593,Vijay,prd001 prd003
cst594,Vijay,prd001 prd003
cst595,Vijay,prd001 prd003
cst596,Vijay,prd001 prd003
cst597,Vijay,prd001 prd003
cst598,Vijay,prd001 prd003
cst599,Vijay,prd001 prd003
cst600,Vijay,prd001 prd003
cst601,Vijay,prd001 prd003
cst602,Vijay,prd001 prd003
cst603,Vijay,prd001 prd003
cst604,Vijay,prd001 prd003
cst605,Vijay,prd001 prd003
cst606,Vijay,prd001 prd003
cst607,Vijay,prd001 prd003
cst608,Vijay,prd001 prd003
cst609,Vijay,prd001 prd003
cst610,Vijay,prd001 prd003
cst611,Vijay,prd001 prd003
cst612,Vijay,prd001 prd003
cst613,Vijay,prd001 prd003
cst614,Vijay,prd001 prd003
cst615,Vijay,prd001 prd003
cst616,Vijay,prd001 prd003
cst617,Vijay,prd001 prd003
cst618,Vijay,prd001 prd003
cst619,Vijay,prd001 prd003
cst620,Vijay,prd001 prd003
cst621,Vijay,prd001 prd003
cst622,Vijay,prd001 prd003
cst623,Vijay,prd001 prd003
cst624,Vijay,prd001 prd003
cst625,Vijay,prd001 prd003
cst626,Vijay,prd001 prd003
cst627,Vijay,prd001 prd003
cst628,Vijay,prd001 prd003
cst629,Vijay,prd001 prd003
cst630,Vijay,prd001 prd003
cst631,Vijay,prd001 prd003
cst632,Vijay,prd001 prd003
cst633,Vijay,prd001 prd003
cst634,Vijay,prd001 prd003
cst635,Vijay,prd001 prd003
cst636,Vijay,prd001 prd003
cst637,Vijay,prd001 prd003
cst638,Vijay,prd001 prd003
cst639,Vijay,prd001 prd003
cst640,Vijay,prd001 prd003
cst641,Vijay,prd001 prd003
cst642,Vijay,prd001 prd003
cst643,Vijay,prd001 prd003
cst644,Vijay,prd001 prd003
cst645,Vijay,prd001 prd003
cst646,Vijay,prd001 prd003
cst647,Vijay,prd001 prd003
cst648,Vijay,prd001 prd003
cst649,Vijay,prd001 prd003
cst650,Vijay,prd001 prd003
cst651,Vijay,prd001 prd003
cst652,Vijay,prd001 prd003
cst653,Vijay,prd001 prd003
cst654,Vijay,prd001 prd003
cst655,Vijay,prd001 prd003
cst656,Vijay,prd001 prd003
cst657,Vijay,prd001 prd003
cst658,Vijay,prd001 prd003
cst659,Vijay,prd001 prd003
cst660,Vijay,prd001 prd003
cst661,Vijay,prd001 prd003
cst662,Vijay,prd001 prd003
cst663,Vijay,prd001 prd003
cst664,Vijay,prd001 prd003
cst665,Vijay,prd001 prd003
cst666,Vijay,prd001 prd003
cst667,Vijay,prd001 prd003
cst668,Vijay,prd001 prd003
cst669,Vijay,prd001 prd003
cst670,Vijay,prd001 prd003
cst671,Vijay,prd001 prd003
cst672,Vijay,prd001 prd003
cst673,Vijay,prd001 prd003
cst674,Vijay,prd001 prd003
cst675,Vijay,prd001 prd003
cst676,Vijay,prd001 prd003
cst677,Vijay,prd001 prd003
cst678,Vijay,prd001 prd003
cst679,Vijay,prd001 prd003
cst680,Vijay,prd001 prd003
cst681,Vijay,prd001 prd003
cst682,Vijay,prd001 prd003
cst683,Vijay,prd001 prd003
cst684,Vijay,prd001 prd003
cst685,Vijay,prd001 prd003
cst686,Vijay,prd001 prd003
cst687,Vijay,prd001 prd003
cst688,Vijay,prd001 prd003
cst689,Vijay,prd001 prd003
cst690,Vijay,prd001 prd003
cst691,Vijay,prd001 prd003
cst692,Vijay,prd001 prd003
cst693,Vijay,prd001 prd003
cst694,Vijay,prd001 prd003
cst695,Vijay,prd001 prd003
cst696,Vijay,prd001 prd003
cst697,Vijay,prd001 prd003
cst698,Vijay,prd001 prd003
cst699,Vijay,prd001 prd003
cst700,Vijay,prd001 prd003
cst701,Vijay,prd001 prd003
cst702,Vijay,prd001 prd003
cst703,Vijay,prd001 prd003
cst704,Vijay,prd001 prd003
cst705,Vijay,prd001 prd003
cst706,Vijay,prd001 prd003
cst707,Vijay,prd001 prd003
cst708,Vijay,prd001 prd003
cst709,Vijay,prd001 prd003
cst710,Vijay,prd001 prd003
cst711,Vijay,prd001 prd003
cst712,Vijay,prd001 prd003
cst713,Vijay,prd001 prd003
cst714,Vijay,prd001 prd003
cst715,Vijay,prd001 prd003
cst716,Vijay,prd001 prd003
cst717,Vijay,prd001 prd003
cst718,Vijay,prd001 prd003
cst719,Vijay,prd001 prd003
cst720,Vijay,prd001 prd003
cst721,Vijay,prd001 prd003
cst722,Vijay,prd001 prd003
cst723,Vijay,prd001 prd003
cst724,Vijay,prd001 prd003
cst725,Vijay,prd001 prd003
cst726,Vijay,prd001 prd003
cst727,Vijay,prd001 prd003
cst728,Vijay,prd001 prd003
cst729,Vijay,prd001 prd003
cst730,Vijay,prd001 prd003
cst731,Vijay,prd001 prd003
cst732,Vijay,prd001 prd003
cst733,Vijay,prd001 prd003
cst734,Vijay,prd001 prd003
cst735,Vijay,prd001 prd003
cst736,Vijay,prd001 prd003
cst737,Vijay,prd001 prd003
cst738,Vijay,prd001 prd003
cst739,Vijay,prd001 prd003
cst740,Vijay,prd001 prd003
cst741,Vijay,prd001 prd003
cst742,Vijay,prd001 prd003
cst743,Vijay,prd001 prd003
cst744,Vijay,prd001 prd003
cst745,Vijay,prd001 prd003
cst746,Vijay,prd001 prd003
cst747,Vijay,prd001 prd003
cst748,Vijay,prd001 prd003
cst749,Vijay,prd001 prd003
cst750,Vijay,prd001 prd003
cst751,Vijay,prd001 prd003
cst752,Vijay,prd001 prd003
cst753,Vijay,prd001 prd003
cst754,Vijay,prd001 prd003
cst755,Vijay,prd001 prd003
cst756,Vijay,prd001 prd003
cst757,Vijay,prd001 prd003
cst758,Vijay,prd001 prd003
cst759,Vijay,prd001 prd003
cst760,Vijay,prd001 prd003
cst761,Vijay,prd001 prd003
cst762,Vijay,prd001 prd003
cst763,Vijay,prd001 prd003
cst764,Vijay,prd001 prd003
cst765,Vijay,prd001 prd003
cst766,Vijay,prd001 prd003
cst767,Vijay,prd001 prd003
cst768,Vijay,prd001 prd003
cst769,Vijay,prd001 prd003
cst770,Vijay,prd001 prd003
cst771,Vijay,prd001 prd003
cst772,Vijay,prd001 prd003
cst773,Vijay,prd001 prd003
cst774,Vijay,prd001 prd003
cst775,Vijay,prd001 prd003
cst776,Vijay,prd001 prd003
cst777,Vijay,prd001 prd003
cst778,Vijay,prd001 prd003
cst779,Vijay,prd001 prd003
cst780,Vijay,prd001 prd003
cst781,Vijay,prd001 prd003
cst782,Vijay,prd001 prd003
cst783,Vijay,prd001 prd003
cst784,Vijay,prd001 prd003
cst785,Vijay,prd001 prd003
cst786,Vijay,prd001 prd003
cst787,Vijay,prd001 prd003
cst788,Vijay,prd001 prd003
cst789,Vijay,prd001 prd003
cst790,Vijay,prd001 prd003
cst791,Vijay,prd001 prd003
cst792,Vijay,prd001 prd003
cst793,Vijay,prd001 prd003
cst794,Vijay,prd001 prd003
cst795,Vijay,prd001 prd003
cst796,Vijay,prd001 prd003
cst797,Vijay,prd001 prd003
cst798,Vijay,prd001 prd003
cst799,Vijay,prd001 prd003
cst800,Vijay,prd001 prd003
cst801,Vijay,prd001 prd003
cst802,Vijay,prd001 prd003
cst803,Vijay,prd001 prd003
cst804,Vijay,prd001 prd003
cst805,Vijay,prd001 prd003
cst806,Vijay,prd001 prd003
cst807,Vijay,prd001 prd003
cst808,Vijay,prd001 prd003
cst809,Vijay,prd001 prd003
cst810,Vijay,prd001 prd003
cst811,Vijay,prd001 prd003
cst812,Vijay,prd001 prd003
cst813,Vijay,prd001 prd003
cst814,Vijay,prd001 prd003
cst815,Vijay,prd001 prd003
cst816,Vijay,prd001 prd003
cst817,Vijay,prd001 prd003
cst818,Vijay,prd001 prd003
cst819,Vijay,prd001 prd003
cst820,Vijay,prd001 prd003
cst821,Vijay,prd001 prd003
cst822,Vijay,prd001 prd003
cst823,Vijay,prd001 prd003
cst824,Vijay,prd001 prd003
cst825,Vijay,prd001 prd003
cst826,Vijay,prd001 prd003
cst827,Vijay,prd001 prd003
cst828,Vijay,prd001 prd003
cst829,Vijay,prd001 prd003
cst830,Vijay,prd001 prd003
cst831,Vijay,prd001 prd003
cst832,Vijay,prd001 prd003
cst833,Vijay,prd001 prd003
cst834,Vijay,prd001 prd003
cst835,Vijay,prd001 prd003
cst836,Vijay,prd001 prd003
cst837,Vijay,prd001 prd003
cst838,Vijay,prd001 prd003
cst839,Vijay,prd001 prd003
cst840,Vijay,prd001 prd003
cst841,Vijay,prd001 prd003
cst842,Vijay,prd001 prd003
cst843,Vijay,prd001 prd003
cst844,Vijay,prd001 prd003
cst845,Vijay,prd001 prd003
cst846,Vijay,prd001 prd003
cst847,Vijay,prd001 prd003
cst848,Vijay,prd001 prd003
cst849,Vijay,prd001 prd003
cst850,Vijay,prd001 prd003
cst851,Vijay,prd001 prd003
cst852,Vijay,prd001 prd003
cst853,Vijay,prd001 prd003
cst854,Vijay,prd001 prd003
cst855,Vijay,prd001 prd003
cst856,Vijay,prd001 prd003
cst857,Vijay,prd001 prd003
cst858,Vijay,prd001 prd003
cst859,Vijay,prd001 prd003
cst860,Vijay,prd001 prd003
cst861,Vijay,prd001 prd003
cst862,Vijay,prd001 prd003
cst863,Vijay,prd001 prd003
cst864,Vijay,prd001 prd003
cst865,Vijay,prd001 prd003
cst866,Vijay,prd001 prd003
cst867,Vijay,prd001 prd003
cst868,Vijay,prd001 prd003
cst869,Vijay,prd001 prd003
cst870,Vijay,prd001 prd003
cst871,Vijay,prd001 prd003
cst872,Vijay,prd001 prd003
cst873,Vijay,prd001 prd003
cst874,Vijay,prd001 prd003
cst875,Vijay,prd001 prd003
cst876,Vijay,prd001 prd003
cst877,Vijay,prd001 prd003
cst878,Vijay,prd001 prd003
cst879,Vijay,prd001 prd003
cst880,Vijay,prd001 prd003
cst881,Vijay,prd001 prd003
cst882,Vijay,prd001 prd003
cst883,Vijay,prd001 prd003
cst884,Vijay,prd001 prd003
cst885,Vijay,prd001 prd003
cst886,Vijay,prd001 prd003
cst887,Vijay,prd001 prd003
cst888,Vijay,prd001 prd003
cst889,Vijay,prd001 prd003
cst890,Vijay,prd001 prd003
cst891,Vijay,prd001 prd003
cst892,Vijay,prd001 prd003
cst893,Vijay,prd001 prd003
cst894,Vijay,prd001 prd003
cst895,Vijay,prd001 prd003
cst896,Vijay,prd001 prd003
cst897,Vijay,prd001 prd003
cst898,Vijay,prd001 prd003
cst899,Vijay,prd001 prd003
cst900,Vijay,prd001 prd003
cst901,Vijay,prd001 prd003
cst902,Vijay,prd001 prd003
cst903,Vijay,prd001 prd003
cst904,Vijay,prd001 prd003
cst905,Vijay,prd001 prd003
cst906,Vijay,prd001 prd003
cst907,Vijay,prd001 prd003
cst908,Vijay,prd001 prd003
cst909,Vijay,prd001 prd003
cst910,Vijay,prd001 prd003
cst911,Vijay,prd001 prd003
cst912,Vijay,prd001 prd003
cst913,Vijay,prd001 prd003
cst914,Vijay,prd001 prd003
cst915,Vijay,prd001 prd003
cst916,Vijay,prd001 prd003
cst917,Vijay,prd001 prd003
cst918,Vijay,prd001 prd003
cst919,Vijay,prd001 prd003
cst920,Vijay,prd001 prd003
cst921,Vijay,prd001 prd003
cst922,Vijay,prd001 prd003
cst923,Vijay,prd001 prd003
cst924,Vijay,prd001 prd003
cst925,Vijay,prd001 prd003
cst926,Vijay,prd001 prd003
cst927,Vijay,prd001 prd003
cst928,Vijay,prd001 prd003
cst929,Vijay,prd001 prd003
cst930,Vijay,prd001 prd003
cst931,Vijay,prd001 prd003
cst932,Vijay,prd001 prd003
cst933,Vijay,prd001 prd003
cst934,Vijay,prd001 prd003
cst935,Vijay,prd001 prd003
cst936,Vijay,prd001 prd003
cst937,Vijay,prd001 prd003
cst938,Vijay,prd001 prd003
cst939,Vijay,prd001 prd003
cst940,Vijay,prd001 prd003
cst941,Vijay,prd001 prd003
cst942,Vijay,prd001 prd003
cst943,Vijay,prd001 prd003
cst944,Vijay,prd001 prd003
cst945,Vijay,prd001 prd003
cst946,Vijay,prd001 prd003
cst947,Vijay,prd001 prd003
cst948,Vijay,prd001 prd003
cst949,Vijay,prd001 prd003
cst950,Vijay,prd001 prd003
cst951,Vijay,prd001 prd003
cst952,Vijay,prd001 prd003
cst953,Vijay,prd001 prd003
cst954,Vijay,prd001 prd003
cst955,Vijay,prd001 prd003
cst956,Vijay,prd001 prd003
cst957,Vijay,prd001 prd003
cst958,Vijay,prd001 prd003
cst959,Vijay,prd001 prd003
cst960,Vijay,prd001 prd003
cst961,Vijay,prd001 prd003
cst962,Vijay,prd001 prd003
cst963,Vijay,prd001 prd003
cst964,Vijay,prd001 prd003
cst965,Vijay,prd001 prd003
cst966,Vijay,prd001 prd003
cst967,Vijay,prd001 prd003
cst968,Vijay,prd001 prd003
cst969,Vijay,prd001 prd003
cst970,Vijay,prd001 prd003
cst971,Vijay,prd001 prd003
cst972,Vijay,prd001 prd003
cst973,Vijay,prd001 prd003
cst974,Vijay,prd001 prd003
cst975,Vijay,prd001 prd003
cst976,Vijay,prd001 prd003
cst977,Vijay,prd001 prd003
cst978,Vijay,prd001 prd003
cst979,Vijay,prd001 prd003
cst980,Vijay,prd001 prd003
cst981,Vijay,prd001 prd003
cst982,Vijay,prd001 prd003
cst983,Vijay,prd001 prd003
cst984,Vijay,prd001 prd003
cst985,Vijay,prd001 prd003
cst986,Vijay,prd001 prd003
cst987,Vijay,prd001 prd003
cst988,Vijay,prd001 prd003
cst989,Vijay,prd001 prd003
cst990,Vijay,prd001 prd003
cst991,Vijay,prd001 prd003
cst992,Vijay,prd001 prd003
cst993,Vijay,prd001 prd003
cst994,Vijay,prd001 prd003
cst995,Vijay,prd001 prd003
cst996,Vijay,prd001 prd003
cst997,Vijay,prd001 prd003
cst998,Vijay,prd001 prd003
cst999,Vijay,prd001 prd003
