product_id,description,product_type,quantity_available
c0d8a1ed-0ab9-42fb-805a-26d228b6b4ae,UkhUT yCuXB,yqFwtun,7
232e2e14-e470-44c8-bd6a-71fe07088145,pjIuA DWrLA,seEpNNZ,1
bee5b0dc-0a72-495d-a8b1-484a7d547c8f,JmEhF AXyWM,agWdGaJ,2
d37273a3-0a9d-4d8e-b95b-ba536c453cbd,UeguJ HdYwz,SGZIuKD,0
60c90e5b-405c-40fb-92fe-4084ed57cf75,sdiaC MCIIR,pHDRbQq,3
8568a9d1-1f78-4329-90ad-693e1533e3f6,gajiX OWhtH,aMjrLwc,6
12bd0dc6-71dc-40ff-a829-9202c79b22bc,RzRCS fWwzp,aHfCOWI,9
c3aa5c99-b65b-489b-84c3-a8ccd8da1155,NMvXs JdjDf,yBBIMAg,6
7b4f3bb7-1fa9-4b0a-ac65-6c4c81d6bf3b,yWYXP xUukC,zIahMCd,2
41a7c3e1-50c4-4c64-a510-e215eba5fbbf,kqpuG NxlWu,xTVtjDH,2
1745eadb-c70e-4117-be9a-c9bcbde3aa54,ThfaR kQtnw,CgWXiAp,2
739a1fd8-7700-432f-88e1-5768e8304daf,UsYfr wKNnj,oqptkQd,7
c516ce00-eae4-4aa9-8784-0114de1f79ba,GDYzU Zkbap,YzTiZlA,5
c5e45f3a-6f60-4ec3-8e65-0ca32127f7b7,PHGPD VDkup,wuZVTgZ,1
6956fc74-5bcd-405d-8c0c-c496cdbc8f6f,WlcdY Qybqb,mMaOiAE,5
fb0c219b-8701-488e-a4db-e16c82c699a6,iftay qczmU,vTKilFt,1
17cd6318-3f98-47cc-9eb7-498867714d89,bmIyC FTxes,YGRGspR,6
33839b83-cdb0-4ae2-8c00-2a819aaa7df1,XrhLs NuHfG,lftLzHY,1
11a61553-9fe6-418a-846e-56a1e5a24c54,gLfup VDkzb,bAdiGPH,9
fde38a05-4ed4-431e-8c5f-b1c1f36fc13f,LZutq aEnyP,IHTZVXj,0
c4f4a08d-24a9-4868-9be6-4aa98bbb9886,ETCyT DCZbk,WIcUsLC,1
17b86561-3a6d-4fa4-89c0-798900861de0,YKbts ltDhR,jNIOyuu,3
02c8cde7-263e-4d20-b767-76992cfb893d,bhDbm csIll,NWkNkXU,6
29b4208f-4afc-4b88-9b0c-7967831ceecd,PCHrj DHBcQ,PNWZRUA,2
e7541785-b2ef-49d3-b2ec-93d47ae61fb1,bmPUH JBOCk,CzKRSfp,3
541ec404-2705-4fc5-9ec0-245fa4340807,gQpgm OEzZN,HcIFEMu,1
4a26c039-37e3-4f72-a5f6-21f475aae7a5,OWqUR LtiBR,YSoRZgj,0
1a41c8cf-5e48-4eb9-afd7-7fe81fafd40c,dgIVV MPFlA,yZoDZoV,8
7f3fd8b6-9070-4ecc-b551-adaea06145df,BBxIX ZBasg,FFsFOTs,7
4b85694c-94db-4d85-bdd8-29822abd0b5b,Ojlgs JqMeB,BxkCGsZ,6
90e3cdac-8b80-4daa-a0bd-c77ce9615ca6,OiAyL wPajq,qCmvYpl,4
dfbff112-519f-4d0b-9195-33353bc27a99,uQdGO FxIXG,hEZJtCC,8
5d2451f3-3f8f-4546-91e0-cceee402f759,Uuepx SDQBY,NUgDMIM,7
af6a332d-9942-47cf-aef1-0789a607869e,mtzwd yCsNy,SOnyoEm,2
b8c7e431-120f-45b2-a3bb-4a1ce16cd34d,zqzvf DoaaQ,TbzNOQW,8
3e193085-0011-4c36-92dc-0462ba26a010,FhCCv sArEL,hCpsTAL,0
114df980-e147-4384-925b-eb9a71162453,uUmaA rNHja,CdeAxAd,2
42057f1d-b918-4d90-a20c-40bb6ba0a7a7,pQmkc XQWfS,ZEPeIEJ,0
02c98b11-9eef-4481-be2f-8e89dd3ee713,nlvIv Oizfq,CpBumJC,8
3df57424-539a-44a4-a18a-2947dd3c517e,DtRTc ripcz,JmZhunB,5
ec754533-a593-4a44-97d5-791efcecaf14,bIRKk bMNBo,rbFFByC,0
fe090f90-8ea1-47bc-944c-bb64a00c9094,bPvRw lIqDi,KDaXRuF,6
04a9a13f-2d1e-4db8-8608-0bb02d1f58f1,VHJhh UKhws,aYpdvLV,9
c73803f8-a753-4ddb-b00d-a248c4d3e57c,foCdA nQmQm,PxWjxCU,1
df6dd6b0-951b-463b-8ac9-446c0f9d3ca3,oyybf GoKdj,EqOTcHq,9
5c133b8e-1376-4524-b34c-613bea12458b,xCtJh bnMbs,ogSpiOK,2
dbc45dd8-ef99-49a4-b8d4-8a1acac86a4e,NhwFt hgXih,ooGveZB,3
13e3de6f-6c6d-4718-9d0b-566110713551,lyvUX fTRjz,nfCLtbr,2
d4d5aeca-8365-4a8f-a4f2-13586ba315a8,GYfuj mFKIC,fcUyFDV,7
f98e1eff-b6d7-4db1-964e-28837ebd73e4,lYIJS VfuzU,xLOwLxq,3
57ffea9a-c2be-4a27-94a8-a4edc60193dd,CSiEY XZvti,QlFCfSw,8
abf71391-0644-4b2d-979f-8c40de40131a,dPsuA uGdlM,gSIFDtR,1
de340b17-bedd-4997-bdeb-e6d5935e862c,JAKCp TQihM,dqXyVuu,0
1bbfbfa3-bc6e-4f7a-b6cb-5dfd0b11cfcc,gLLdi fkVuK,KPwKZoH,0
246a3c77-f0e1-4095-93ef-0ef54a9238e3,MJhMt uyNZF,eQOrLxw,9
a1d03868-291c-4b90-b763-1515a95dcc55,UNUsc yCfJP,ppeifin,4
eb12bc3e-8fdb-42a8-9275-9af5f074d473,axhOf XigDu,mppPEyU,9
9aef5ce9-9559-4157-9cf5-581091a5acfd,kfNeq QxGSU,vjsgHgx,2
8b1bb0b1-61ca-4fa2-b5aa-fd76edf930f4,ZRmdG rXyai,xvLKgFA,0
bf939317-08e1-4760-a706-7b90091f7dc0,gnHfD OAlnt,NyjGYby,0
8cb5bef6-6bc8-4111-9e6c-6e43a344b0c7,dHzAR tcvYI,BoVaBCc,9
0ed39227-53f3-4568-94b9-6a37d09838df,uAfjx ofHxG,EUNmhYC,7
3f6b1b40-a4fe-41f3-9ca2-1c5cf0faff8d,bYwmq PcNGk,uXhaIhN,2
b9a03eaa-d5ff-4b6d-a626-799af7d2c5a2,dBHdD WAwqB,dkbXiXo,9
f98975d7-369a-4fca-800d-aba15fc9d793,IdXQw wSIvm,ifqJifa,1
93fbb905-a14b-4bb0-bd89-d59e1abb2173,DDUvp zlrYs,gSzueKs,4
fe7cdb0e-fc26-4c12-a30c-01e934042f67,kJBKx pxMvb,ycpHvXy,7
8e2cc6a7-537d-498d-a7e3-b12186863b44,NAMhz VdVUK,knwUpXN,1
db429379-4753-42b2-9a27-96d500dc79ce,AsKTy HUdnI,hdjyIUA,4
68e9f7ea-52d1-4ba0-bf70-7a18b1113cff,yYipW dhefK,dQgRngu,1
9ba0d2d9-a594-4522-85d2-0e664bf4fd0e,kiyIt YrueU,ARPNOaG,0
10e3cacd-908e-4021-a26e-e8b91556ddd6,OQojA hFeAL,UkzYuiw,1
a2573d2f-a21f-4675-b4c5-6b7fd67059ff,qxqWk vyHNI,uJZzIPq,0
febd7d14-3294-4599-a630-71d729bcc233,inyVs kmRec,mPHjVYp,3
3401633f-ebe7-4571-a5a4-b610b80a24c3,NKNXh jzWdN,NGszySf,3
340eee8e-ea66-4f05-a1da-83d0564583f1,KpqTi DubgZ,gxNjuSL,7
e82eefae-6499-4dec-929c-358f9f601e61,tYHys hAeCU,QHtVIGG,2
769ca509-1896-4bb4-b82b-b006cdc207f9,TJPUm bzTwh,zMiLAXB,3
fdb16f60-31d4-43ce-a362-7ea44ab65011,JcsDO zrRKV,RcxDsdb,1
edd3c0b5-c0db-4809-852e-07d1b1fba9de,acpnf ockel,MPOIYYt,0
41b1414a-4444-441a-9c00-700c6b4ac20f,MgOnC IDgPo,YAxslha,5
57072b2d-5dc4-4329-a793-743d08a9a15a,DCqRW ZeTAc,FYDYYlY,5
700d16f6-ebb6-41e3-965d-cd223ae4173a,wjmXU mwETv,wwtsJdY,4
4e888825-4193-4095-9c6b-5850bbeb8662,OQbfc sDwUO,RpqlWlp,1
91366285-0d5c-4e6d-8a47-d1fd16df1ac9,CqgoU tlqxO,gAnRvuT,2
35432c6a-6b04-408b-a38c-e0f863544377,aQEdC erOFZ,HBHezfE,3
ab0ccb43-f227-4a4d-9e72-2bef377957bd,NPZIq MTdFp,TvEiNhT,1
2f73a8dd-f37c-4269-9872-3c040844b2d4,vlOan hbksE,NtrLinY,6
46ede511-5444-4feb-9eaf-cf3793d6a044,VGvqD VUsmo,CAAVJYQ,5
2bbc7ff7-d0b5-4da0-a596-6d0281da882a,veXTK dTNtb,nkRRvMg,9
6b76ee4b-d7c5-45b5-8043-014a91ce7df0,UrYHc UWfCr,FfFEQoH,0
5106c9f7-0445-42ac-a084-afd25a138936,xCiwt vCcoN,BLeBAQi,3
ec1f90de-b12c-4998-bd9b-899212add33a,gEGCg aSsrT,HVdquXg,7
dd84967e-6dfd-4acf-a091-0585ca4ef036,QKlup SdWqA,vBauOCn,0
3932ed36-1217-41b8-8497-7cb4174af0c7,xfAvF jwAAG,IBVZwlV,6
9f1c1ac1-1fa3-4b44-abde-2836714897e8,FrDdW aSVfm,lRZCnHV,9
a14e5994-705e-4688-8999-a9f92b775266,faUIB AlHoG,cYMrSRe,0
30a93d00-9765-4ffa-ae29-151c677f825e,wsLOk KNdpJ,pYmoaej,7
4cfd4f46-ade8-4b53-9962-2ad83cfe08ce,qzFzg VFLff,KQxeevq,1
6268f35b-19db-412b-9b1e-31d55c8cb277,kZxTc srGXu,WRsjRLE,0
1584e72e-4be6-4fcd-8ac0-de0db878f040,JBQvS xwNoW,UaRPLni,8
2faf4f32-a624-45fc-877d-ea7b75995c75,DiNZH OMGYk,EgcrMry,4
da455fe9-e0ac-4baf-9830-e03ee0076a8c,PXwBL KiqTo,EHjFMpq,4
0987df97-400a-4691-9f5f-d8f31dd5859e,lqXqh tVayV,XzQDPvA,2
3db29e01-b103-4df2-bf47-b7f2ad7b72a3,PgSjx gCGdk,tMgxLOX,9
4ff11026-9a90-4a15-9447-883178feaa56,PNYvV dapZy,ojlgxqJ,4
4a452cf7-81a6-462b-90bf-2a45889a2204,xotKD mFVhU,qeaZVNE,2
9d6c47b9-e28d-4c6f-be1f-c08058a17476,vPDvG yxPof,PzNkzhF,8
a1adb1fc-eaee-483f-8fce-5ef00faac2bc,lnBzz DoYYf,zQHOPpv,6
e6e7efdd-c389-4bbb-a86a-de97a294979a,dxqDH DcSlU,iuXBwGq,6
645698fa-38d7-4b9c-bb52-9cdcb3fbff85,YjEGU galIE,zzCXkiT,0
31bddb85-3981-4342-8b70-8b1dd646e1a4,wizQA fmVob,KlWowOj,4
f48c52fe-60c7-44fe-9f27-b56c46dd5f3d,QLXJu hUSIN,zqygGtn,8
de03fb8e-b7ae-4f41-b5ae-4017a71bee26,hXMAN cGCQF,NfAMFFs,0
279313c6-f1c4-4681-acdb-ac826fa6a0af,FtXgC NBzlU,QYrcYWm,5
7bc642f1-d482-499e-93ec-9507e812ae6b,hUzrq cyORv,RVtdKEN,7
3092e8a6-4da3-43ce-94a6-120562d52838,qztEr nuDvt,dTZeuEb,6
5c7554b9-5c19-4991-a7fd-763882f38ca9,QNWor FTTsy,pcLzmsz,9
63963bb0-dac9-4fe5-987e-21b0e9a10c80,wBZfz vIWDQ,dVanjsI,4
4b00614b-753a-4431-88a0-27eadcb235c8,Rngbs fbNtf,GQWqIsT,9
2cffb75c-29f2-4d4f-bdff-b463236bda82,bSRsj HlCtq,duGbUkk,1
7a78d80c-d6f0-4bfd-85a4-6d9a5cece0aa,rhKBu LfBDW,gZryphI,7
570860f3-e2b0-4fd9-9231-a5964d8a3915,iOpEh QISkM,ZbKsWhf,4
30a8cfbb-8477-4bfe-b9fe-7e00a243d5f2,fMFRb JqFTI,vjrTKsG,1
9efffea0-1559-4b9b-8275-c14b4bd8cba4,HQGTt NHtpS,iFFMNIg,2
05489b02-2122-4e4e-8d46-7d09ebe65d46,xPTSi AASlv,zQCPeIv,7
990ce260-330f-436b-92d9-3b063dce80cf,FGIUW bBSjP,neqfzrL,6
2f0237b8-cbb1-4cac-a3c5-3b289dde0440,pLctW eKORM,PHoLJCl,0
0ec428da-e22b-414c-a877-7660929e56d7,rxHxd LczEx,UkGjoWM,7
46125983-4b51-4880-aa2c-ef00de697170,WOECW GfrpJ,AsSnieR,7
efdf046a-b69d-45b3-a798-c30d86935656,JTjGY HdKTF,RireCpa,6
bba0f532-0a7d-4959-be12-f121ae996ff7,dpoqO eoBql,jaDXcdi,6
37c5d810-282c-4dda-bac9-634b8372357a,pvOoO kuUvg,CLDnJBs,3
24618515-4ea4-43df-89d7-71a279e193ce,vEmGD fluGX,svPQaXs,9
8e282afb-e660-4221-beeb-b1c9286bac1a,kPpdX MZLSo,EZJWQly,5
863f7c59-dded-4762-905a-198f7fd80c3e,lZIkn sNaHj,YPOLKph,1
c7ee95f4-7c60-4bfe-a118-ffa7288ba1c1,jlOrr Aodtw,LlOpUAi,7
41ae5ec6-5db0-4f43-b49a-04d7a94be115,Poxfp PFdiH,prxpfca,0
7d143b2a-15c5-4eca-bc43-6f27359cb89d,kKcfY KJqyD,hITjrNn,7
2ee2c38b-cdb9-4474-ab15-44f836cfaebc,xQwOJ QJraL,LwxasMn,2
9f941c81-69fc-4035-9468-b514e66de279,XxLYl plQYh,RSOkGaT,3
9fe4d937-73b7-4f9a-bd8e-b0ac63817d30,nzhGK qdsLo,srfIAru,0
1d593017-bd2e-454c-a603-fcd711334216,SiVOe JMtZe,sWeGrrv,7
b9fe0db1-80d5-48af-9299-e037045e8025,FEBsP kGNSE,SpWwZKc,4
12b2fc9c-bd49-4b11-8982-468852c69b26,buMzo qkhgD,CdjhDqm,7
0a4834af-a021-401b-ad33-cb25615ec166,CuHoO WeqFW,sHrJwPV,8
d4fe2aa6-0da0-46cc-a669-d73535a6e9ee,ohsjG ZUxSZ,czTAKBj,0
68eeb95f-5e81-458b-b32c-53a8cf65dc36,yylDC eOFHb,RhTiQkE,6
6bb3cc6d-90b4-4ad2-818f-ad1fc30542e2,HWEIN NFAUH,XmfumWF,5
52f839cb-6399-4e9a-9c46-58ad1b85ab9f,jdNfb AQaWl,AuSxqhz,3
d2fd4f3d-f835-41d5-93ea-e4991511c15f,QiiEV WtioD,EVmakuM,5
a1d49486-8f70-4e55-be9b-0923b45bbcc3,SBopR tmgVv,IWNSgbg,5
5eeb58d6-606e-4595-b80c-90d2a6a6bc35,PbxXx mxtDB,jRdNPQr,0
310e64a9-4638-4a46-a6f0-6f771082ba80,jwIop uckPk,FLvcbvG,0
aaee6eee-0ad6-4d4c-b413-f738f9b59487,jDLml vYAVr,NMPAPfd,7
205153df-2d3c-43ed-b8db-a0266e5db7f1,kWFGq PmxZG,eXzBhmT,5
8eacb644-b21a-4964-abb8-ad35e587bd90,bKNSr HhLAt,WTzRVYI,3
9c95ddfd-c461-4ee0-9aed-320f84b87f5b,eRZNt FEksS,mLNKZxj,5
688f2ad5-f05c-4407-a8b5-1275d783c8e6,YzUwN vRXoM,bSkuMZp,8
20abad47-b101-4f1a-8841-e51a0fa4c014,WuBRB zPWmA,zZLQqXn,0
e8b77296-1a6d-444d-af56-f4e98e800943,VYDUf TYsLR,IVydkSa,2
f9f0daa0-d093-462d-9325-90299128ede8,dzLTW laBvz,vdUZkhq,7
cff09795-e2f5-411f-912b-0b9293314b28,ymLJJ IquYY,dqWTmZz,5
04fc5eee-fa99-4908-a34f-d5a29184ea38,sXNTf pIwaL,daKOPuw,3
30e8da66-be70-49c3-a3b0-d589aa363d1b,QmwCX oLfAk,uKKHyPI,6
0384c0ff-aaff-4e27-a4b5-7764ab77b19a,EbGzi YhEeI,aFUoGEk,9
79331423-c523-481a-9297-6ff781742ce1,EWsvM CYgiD,WVgBCwF,6
5ef57f44-f18a-4d15-8bfd-10d3dfff1965,tgAZR iEhFx,CNKDxeG,9
53c43e91-c750-48ca-b6da-47a755674c06,Hjbvt StONe,mQRfekE,0
3f5a145f-4ab8-45f8-b5f3-4bbdc70572af,pKHAF WnGsT,LMgqxAz,6
41a772a3-5307-4ca6-97b9-87a960160cec,FEiKO tGbPU,zCyHHKN,5
4efaae97-b0f4-4f4c-bdbf-7129bd0c76a5,TpRyL bGFOq,IEWrAab,4
ccdac68c-d396-4be7-a1c4-c1e1f6cc1ffd,Pyrpf OkQtq,hjUGXLe,7
562ad4e8-a9e4-4601-8edd-cca6e840e689,lbkTE ovDfg,jHBYSfX,7
eec53570-6983-4860-b694-a0ae94b7bd10,iewTj zjruU,wSfFoOw,0
5588d34f-789a-4c2b-96bc-39c031cfe7e0,wLJrj PdqEy,jNXdTSH,8
ecf57814-1da6-4981-b7f6-ccc37a7119b8,SvuCk DxRwp,JCxKTnR,7
5232ae1c-1c2d-4e99-b73a-38683ab44c88,GyYcW NxiOW,lidQZyb,2
8e82c722-5f00-4a4f-a24a-e8b700d960b7,aBBXq PRCos,fNzGdwE,7
dc98e73b-7458-4a1b-8262-f00b0520fb3b,QkGff miIhd,SwRKSqb,8
b429c637-cd33-4a72-bd18-d3a1d81d4cc7,SSNku iiLgV,kmrBVMw,6
02bf4a2a-02b4-49c1-b49e-607e536e06a1,cWPSj rHFAM,jSznouh,6
86535a2b-3392-4443-8aff-b8ead43213b6,RVJCy WFbvC,ekIoPwu,6
94d743ee-f0b6-496e-8c32-1bb3068ec4fd,xqRBW GgwfE,arYYmkF,6
a42ef655-ed56-42d8-92f0-7ab716336092,rVzCq TUQTe,iJNSDCC,7
9b489aa3-1115-463c-97d4-e87e68b8c38c,MbaCs PgsBu,zXxrWsi,7
1b67468e-a38d-4108-a843-a0cf3604e616,MFuiO lVDoL,eDspXkl,2
782383d5-0b15-49cb-b586-b300d5b9c472,iOsmd sZsJI,HjwhvtB,8
2bc12051-e370-49ff-823e-beb45142c852,GnxbI JFUWh,nFlLOcw,1
43113d9a-5c83-4525-ac0f-e0be5445e676,zPBhV pnGhM,WpQxrgs,2
da37281e-f197-42d8-88c1-0cff99ad0f9c,hDuvk gptgU,NMFqokb,5
069ab72b-0280-47ef-af66-8408f1875a53,QQXtm BucdR,nrAKJfM,0
ec57297c-cdf2-40cd-82f8-7260babd2751,GtnYX nStRS,omcqtZS,8
53ad84f7-c357-4cf1-9258-ec2b7cd795a4,QgiLo DUPFq,TtXoQFZ,7
6efe4040-f2b5-42e5-ba5c-75063c627a99,XSNcq pIMjJ,ZRvudLt,2
9bcfc76a-39e6-4150-a024-5e4cdab6ad4b,xNuUk aOfvP,HSMyQfV,9
2e0c92cb-fcce-4be1-b841-b5d879fc8fba,KjCzW ecDuJ,tyDCINB,3
0589df7e-d79b-4610-80b0-1906cd1ce20f,GindD nxHdZ,waFDIli,9
46fac196-31a2-4d44-8c41-1c4012e85a41,YkjSC OlJJk,afLexMV,8
e3c27414-65b2-4505-bfb4-1ef75ff242ec,DDlNA UDHNH,dKWfdkq,0
51fb0b7f-ce12-48e5-b819-48f59e84f231,zhDtK UBMxz,llTsfvu,5
2a470f91-4032-43af-ba52-331d4d773822,OOZrQ BGTbp,MSuqLmB,2
d11fc474-63c9-4f3e-9ad0-b7162f6f7e81,vOwQa BdUvl,sOaBIHW,4
c5815d96-1de0-44ae-a23f-250ce54a5d89,XpEEd qRljc,pKGnLPl,4
513a5d36-255e-4481-abef-6e97697d86dc,YjQAH iEeSw,CIlFcmP,5
724b7579-d062-47c0-9e38-bf16cac69009,yqTJo RfBSL,mbvxuKa,4
24d1ad4e-7b3a-4ffc-93ec-711ea56dc709,pRXLQ vWqLw,HrxPemE,2
a83910c8-e001-435e-b1ec-777902d45933,FHPzz AYdMU,dCZMmhl,1
6e14ea9e-0ebb-4658-b3e5-1fc137e3d7d0,VaWWz UcGrg,wQxTouh,1
13f7602e-d76c-4d5b-b6b5-f5429d652c72,cakfp lJGut,VNdcwtf,7
2e80b1d7-5fcb-4c7f-8117-7f6bf6b97de2,zjzNF mBVEw,yuloPnl,0
3be80a61-e2ef-4656-bb23-65e2d5d75631,MiOwV MQxGE,AiUbMza,0
78b86bcc-7743-4a93-9a47-21057efd5537,OiGWM MPfus,RELlLAp,4
c6d5d58a-5bda-4eff-9321-262ed90172a4,ikvap lvttQ,xeYQLKy,9
c40c4bd8-f989-4d94-80c5-cefa9b90c605,AEvUZ xSeTD,axLgDUY,3
d6bea4c2-bb63-463f-ac6b-04822e195ba2,NGYtA FYzJv,UKnmoRG,1
79c51ce7-8b8f-454b-86bb-54d9678dd0bb,zHHCd MapKR,TZAlTax,7
35877860-827f-49f8-94cb-1bb7a2968869,ytXzy LAZTL,veDOajm,5
40ecb197-a30c-4ab0-95b0-44b66b27854f,XWwQN RxNiR,nWvvrtU,3
9190b272-3104-49a5-9f18-eb53aa6c5f19,IvQfi FELTG,fGVvLqN,4
bac30a19-a231-4f16-b479-d3c028ce9998,ftpdJ MMLba,NtFhCMH,7
bfd2a0d6-b873-45ba-8246-973edd923e19,Nkjlx MQCgd,dlWDwbb,4
65ee3386-83b0-45b6-badb-8c55339c5ac9,SsqWU qgpxY,wzbwgpD,4
ecd68689-673a-4cd4-b90e-b7c6aba064d4,GDMlp FPLvT,ZXFREDH,5
acfcf183-3a1b-4735-a945-d87a51ee1a15,WYPiB wfYvY,RYISsFJ,7
6ecd9fc7-c002-49ba-95fc-7a8c36e90359,nuPzX nFuJG,ojCzpgt,9
0d0eb3c5-514c-46fc-9910-d7afc3f09cc5,UCyPQ ovtyS,wgizYCk,3
9cf77546-e72c-49ed-bc9b-dba42364c0ca,OTVvY ePVEE,bCFhVuU,3
9d198f6c-1a60-46d3-ba11-d3d9457c19e4,UpyQN JmWvC,BkkLGEv,9
81be8a14-dcaf-4e7c-a148-01cc8d7e24c3,RLADX ccysm,FKAiGsm,3
89bc56ab-1182-406b-af24-6b2d68661ef2,UzzUf Fgjkj,ctTInHd,2
d30a272c-939c-47c7-b2ca-c43bfe99279c,RZzTb YAKfE,VNkcgdH,6
6d7bbd2f-c64a-4350-9852-3855ef1a6b9f,PRAwF uvmeh,toeQSaZ,2
bc93def7-3655-4727-b572-191a5692d0ec,QdfdE VUzND,YnWIpeu,7
5517bdb5-f187-4fe3-99f1-5a3c871f6688,qYePX LDtNF,FtINJno,8
6de3eeeb-7dd6-400c-a902-29a83d52c743,KkVUL ncfKa,BdeZqts,0
985ef9db-2377-4fca-b4ad-8d1903accdb5,kHlce qAGcB,kSSEgtD,7
cd45286a-8420-47fe-9f7a-f214d2961591,ByiPr mbIdo,GptTaZK,9
be4f9dc2-7644-454f-82b9-5e9ac15273fb,NKdMp Wloxu,HetXjZE,7
69f536a1-8727-456b-975f-eec0f1a9ddb3,NOrDx WuHJM,UFEEdgL,3
4afc50cd-7aa0-420d-9d99-a29105e65603,ltYfm xUTpf,tbxNSrR,2
3fb0a0ec-5011-457c-ab44-a35132654fce,aGKJU xpXwH,gYRSIDa,7
1f5e6923-a58b-4d1a-8d68-33f4766132d2,iiOYy bLASJ,nPgsOvv,5
8625e589-e0ae-4083-b62c-a36ebe173ddc,pbsue ekXBZ,kmlfAZo,2
48939666-70a3-4dab-9d5c-512ba60a386a,lPRVp MJSXQ,XRttphe,2
cabf0491-fe0d-4ed3-ac51-422a91df2976,mzKTQ xtcMI,rjDXbKR,6
26b16e89-54e0-4143-8fc8-462ab38e532b,QrxPG xfolI,ZydPfwE,2
85cf696a-8098-48ad-ae74-f74f0a0f180c,PCFVT CaaDg,erkGRlD,6
7db96e12-12d0-4a62-82f1-7c9f8abe1605,lXEMI GeTzD,YNigFcN,0
e59f11ce-cc1b-4314-880d-b2a1ab50ed81,ibRLu UeJkZ,qIkDLEt,3
0dd22590-c383-4277-8fb6-ae0c0c258a77,RxtpU UKXoO,GPjTRaE,0
20cfa62d-3ce5-46b8-96d8-ec9633a7f1ea,osUFh eZfSp,YJqoRdw,6
984483de-7d87-4191-88e7-abcf6c943e52,paeVv RyfCt,oUAeRDc,6
955c72c6-9f0b-4905-91c0-3b6a7050de16,pnFVQ mrlFK,ANbCghH,8
7889f630-7485-424b-8536-d568a5c7670e,SJNvt ouoDL,QLeYzxp,0
f6d5be8c-c646-4c8d-9fb3-7c5505d6317e,npjye KKPUv,NRpNggW,8
022d4966-e808-40d9-b875-c1bff1fda88b,gtNTU ztVvp,bbDxYPc,0
30d44d4d-98b0-42b7-8498-7fda801dfdbb,RqfPz wAbsv,AeAPVFD,9
c37e4456-3399-47b1-a2fd-ba8a26d78e95,KEwZY aCCPM,ohsaTda,8
4a7d1d83-bbf5-423e-952c-8d2d718df9c7,gXiFk SMfLw,Iizzlqt,3
0c7bd9c5-bd78-4536-b2ef-8a49689221c4,MWoNd FtWhc,DSeFPxd,0
b5b74a4a-9be9-45b4-a1ec-f897335ef317,kiAXB BnRmu,dobXLRK,6
09be41d2-e0ca-4415-9dd2-dcb175650953,QQSCq GUNVS,NuGUziT,5
70a86b40-fd00-4abc-adb6-324dbcf6483f,HiHgX eUQOz,fqQEnRw,7
85cc7246-7ace-4733-8c37-a97fb010240d,KnGdU nQCDf,jtirFEL,4
ca5a3bf2-d952-4f99-84c1-2a3a4836fb6e,rJvMD ZQaKj,tgWNFUr,8
f27d2bc4-2a35-40ad-85d4-da9b588b81a4,gWmou eCbmb,NGskQNr,7
f403aaf1-bbc0-4fc6-9382-20f0b2551682,UAqem FtPly,gLjVBDQ,0
3a408cda-4fe0-4688-8671-c7d7dd5445d2,TTfpG BQtql,pXGslCf,0
e762127d-497e-4998-872d-4cc1b551df66,nNFBx lxvSq,qxFwDCw,3
3e9a8918-cdf0-4325-bdef-842bb08114c3,kEBSP BKTGT,iABqzGz,2
3a8b00fc-ac87-42ea-b75b-0d28504664d8,HZpMQ PakxS,SESxvuZ,1
b579872f-6bae-4809-aac0-cc4230244d12,QoYuB sLyhm,WMLOwdW,8
a84f3ade-a280-4169-ad26-fc5f2456d3bd,bFjxJ WNWmK,RhiFWcI,2
a983a813-af94-4f7c-8278-98a182d1bd97,Rehnb rNouc,YbxvCet,0
edff960a-3ea6-47c6-ad9a-4e8b4927e11a,DFxCV fzWOd,WtXvsjC,5
f0f7832d-f320-4456-873b-e459252b1616,DyqHh AVYJr,mBOhswu,7
7e533f23-ac63-484f-911a-4be2054282c2,gWqJZ YZIdj,ZVNIULu,9
c6d87018-32f6-4bfb-9ba5-d049077d2f67,ZNfTP GSKEk,SYDdgZt,7
9439d7e7-e9bf-4d5f-95e4-531aadd25a7b,vgTZQ SjAsS,hRTZSHE,1
2f689d5b-141d-402b-9c11-6cd8f97cb67e,slqUO eZWCm,smlGeOz,8
03da25ff-8f8e-4248-b436-99f97d8a5e1c,CPtbI SEFEy,EEMqhTL,9
1ecf5311-5fbe-4aad-a186-f38d2febd11a,FuBcg RxamW,uYgJWFV,5
edcbb5ac-be3b-4071-ae9e-0187f07072ae,DEcey NyxXn,PnYZmpC,7
f7cbdeac-ebab-4334-a0a8-71b6e2eaf4a6,pPWKa uZPRL,JLILzEK,2
40c451c3-5bdd-4f21-b33d-89658a9a0f33,fLKbn DJqpV,HfFAaXy,2
ed65949a-2137-411b-b601-5d59b676f060,wZcAI uPpPz,WqdCdDi,4
adf46660-538f-4e49-bc61-dbaec3d2f6ec,IdOwI oSbtn,tMSEXMy,1
4bf19684-0564-4bc1-adf6-172f1d101669,OvgCt jRTcZ,uRulSgi,6
184f12a3-51bc-491f-aec2-c68780d192bc,ViEGd yKMPj,IfWDdTJ,0
cd059ed3-22ea-4737-a7cd-6ffede6b3f70,cYbRy KjwxG,CMRBghn,3
7589bdd1-4058-4418-b7a2-500eaad61f74,GbkOj RWeIh,OLXYgfB,1
7ec85df4-41d1-4b78-b519-1749e82d1c5d,ZChyd AwnPp,XpysGHw,5
f4cce989-ef76-4f09-b048-ace97e147a0c,RRHHR aYIvR,anvQhss,6
b118ae39-b2c1-4397-b0b4-24e4cd7517b6,iSEld yDyrI,AVwCLbm,0
e32f73e1-19ff-479e-9e7b-58ffb1a49350,OjGPx XORUX,IKrsKoC,0
5adc2918-7190-4813-8747-a865f85b6a44,MeQBs BiREx,YtZdEwY,8
3001d844-eef6-4a76-92ea-ebd1151338f0,gnFLM FakaU,cXiKEBk,6
3e41287b-ddfa-4762-a3fd-354169395888,CperH RAXvU,pJeJxCT,9
b2437e31-fa13-4fa4-9660-c431b4c3ab7e,UXHQb cwPdZ,RoyvuyK,0
e351595e-d0fb-4753-89e5-f2100fb139ef,vSlTQ ylOEf,zzBRHIN,6
e7f5af8c-2528-493d-9f49-6baf82c24aff,DyXgO ZzlVo,rOXYKjW,7
cc43967b-1058-42d9-a3ca-fcf8eeb0dc7a,YDogY ViSuJ,FqNlmmO,8
bca1fb3f-d44d-4298-ab7d-a9fa82f2af83,nxHRe WlXlB,JulypkU,0
c6559e88-b2d7-45bf-aa4c-77efc9142f07,wqCeD VrXiz,pECYkBs,4
a789d60a-b397-4392-af3f-c5794a0e688c,bCjyi Eqpjr,zXZiXDO,1
dc9928c7-22d5-4179-ae8e-d69fbb7d5dea,haaiN AkIKr,gQPTEgm,4
4bb925d3-9e0f-488e-a6e2-bbccc9fadffa,fEXYd dflmi,JiKgjAy,2
ee5077a7-6636-4f99-abac-8c3a97036ce6,PjawL lcobj,zTUbvjp,6
67d2c679-a5c5-41d2-8d56-9533361ba843,yFFfu lnUzf,BPxhRcq,4
138d2c81-9d8d-494d-9562-646b0619a68c,HgiCA vECKX,SsjylaP,3
14866137-3704-4ccf-9a4b-65ac6c4e98e5,HNQlx CrYmS,eDBWQtM,4
fabb9e26-4073-4de3-87a6-ba6a51866111,OSKGw lOfHv,hqMjmZb,8
6dc15493-b3bc-48f7-98f8-92960e06c9ba,cgkjW TkGyN,CxeVlhF,1
171d77a3-79a4-4127-bffa-5fda0a2a4dd8,DjhfG Dbtdn,lHosTEy,4
650b1687-6792-4e94-b18a-8197e38b3dcc,ITbNq FAgdl,yIZVPdA,8
dbdb0a51-e797-45cd-b928-ebf00158a439,gYINX rPAeo,ZIVYiFb,2
4b98ec73-a83e-4392-ad43-6a7b2fc6e16e,mBtgP IJvAX,DmylvcF,6
d97fdf33-ca18-4d7e-a97c-51d31f74eb0e,xMhmn OKJXl,dbjUfgg,7
280dec92-680a-46bc-b27a-fe3f5cde44cb,IbqWd wvWdL,iAlkghW,2
1e82058f-b41e-481e-b94b-356874f38d58,KGKNM LBKpV,QZzqLFK,3
cb65e077-ca27-4e90-a786-7d56b0cf45ce,FPATC RQyIf,zMcqqnD,5
62fd560d-add9-4ffc-b02b-1efd767406bf,hDEsM jHeET,onKFJnL,1
1e9617d9-5d52-4fae-8e9e-08634e057a61,Gttmk ApAZj,WQxEuiR,1
5f6542a7-a488-4bd9-b7fc-fc1ad2548553,hZUIq iRpVu,gmRcFZY,5
458ab5f8-3d2e-4388-ae42-080e2f4b82f3,aeYsM bQlVT,FRCrVGC,0
e75bfc62-a62f-4077-bb88-7094a831657e,zacoS WmjnI,wNuILsa,0
0c681e40-7fd3-40a4-b14a-08ef7350496c,IjEZc xsDvG,TOkeHlv,1
c79908ba-1c5e-41ea-b5b9-267475adb624,VEvrW Seyah,vtVQXYc,3
f68fa07b-44df-46ac-b654-4d7d46f9f19c,BSELW WqWQN,iekzydD,0
201c816e-a681-4b06-a450-c54761f27971,vZmIW infxT,hoovxFx,4
07848565-cb3d-407e-8c3b-dabf10256a34,eIzqZ KETCT,AZKmRmT,6
410ef9f1-6214-4f1e-999c-2e0b9a1fc5cd,GbGdD SJGPQ,QdXUpUY,9
970b1494-631f-4176-8518-ed50c02fa1fc,CSkiV JTrPo,lBbjrJw,0
1988f446-4f2a-4275-8543-3ae0d1c65195,MJRKb FOrjS,RiRrvci,8
dcbe99d4-d4cf-40dd-88ae-84a1451b2e4a,PKtZv uGXsX,tOZaMUC,1
b1ba81ca-a8a0-404f-8146-a081c2a70739,WFuFH elYMy,UPVuqDy,4
86bb04f8-b4cd-427e-bde4-99bf382bed60,IxPBU EWOmI,SgYcpTv,7
d6884029-5dfe-4d28-84c3-639e9e5c0a48,WDCFA GiXdl,cJoRjUf,0
576773d8-8c9f-476a-9e23-385f1c990e5e,WViVv OIziM,ueOXAtj,2
d0380b12-cffb-4fd2-82c1-2f363ea061bb,dYyqO xfMPa,nTyhHxF,5
fc5d2771-95d4-44bd-b1c1-a85ab5fd564b,ZEXbv WdCzz,rBVvaKs,5
71c1de8f-4fff-42fa-80e8-5e3bc3a30e06,uAiJA ZgLtp,pELQsvu,4
34cc891c-bfe0-4c44-82d3-f0ab3bab6334,pTHtB rHaMW,MoMOxmK,0
0052020c-1029-4ac4-b70f-15375f38d6f9,CsQvL IITFN,oZFhDSu,4
1df28b8d-b8c4-4c06-9194-019354b20f94,jYSsY YEoOK,uWViPXZ,6
856f0406-7f52-4592-8722-9be46e277846,JhlVH RDUzs,hKreyPZ,9
86b91e81-9d6b-4cbe-94a7-3502ebee459d,qNjem uAkXW,zbsAGGW,2
865dabc2-ce62-4f14-8a57-f20e62595a00,dtrIL ZWDbS,gylTkjo,5
968a9fe7-e559-4420-bd7d-1aa817567d0c,fxJZH xzqwd,mvSqifi,2
f7ba00dd-3abf-4617-a288-2fc3dd4e03dd,CPAYd Twjez,SotXIVZ,6
2aabc52c-cd01-4f4e-be52-941175f381a0,xuoRm QcAnn,tdTKiWe,2
fd72c61c-3329-454c-be16-802171e95e7a,BWDQq bJZCw,FxeDbYV,8
dd09dc25-74ea-40cd-923e-c07e86638251,FUNdS TrVwa,PJTiLME,1
4f8266b6-0393-4893-af96-8011d5be4e3b,NBtWv HdbSo,monGREm,5
bb130584-3b3a-4325-9121-a8524f095031,sGgBB mJstB,zWrkAYj,6
136d9f23-80d2-45b6-9281-80eb397c767a,TqmfM LWtYy,tYptpgu,7
f0fbb590-833a-46d2-8c54-dfe0658e1876,CPxDQ jMxcR,jXKlPGl,4
38567e36-c55c-4e10-8aea-c9a66187d86f,KRaUM KyPTo,kYHEcPs,5
9aef625b-f917-4d04-a734-9b0a47def09e,eHWfr ZQMTQ,wyAhRTP,0
9328c1f7-a82f-42a7-931c-4b91e956dee6,hxiwz YbxTw,xmoRQsS,7
d5247cfa-9151-42bb-ab94-a0df8e2677cc,bRZVk KhcEn,PQWpJSJ,9
6eb59c0b-a903-4e4c-b7e6-8be5533ba8cb,zVJaX KxBWK,HFnuici,8
7fa4f9a2-4afc-4805-8892-1f77bcb0afad,ILgZj LjghH,TpyTOie,0
ddd95fc7-fe2d-401f-b563-a9d35f6affc1,vdmms seNLW,ckzWhMH,5
776e690f-2c3d-4a7a-80fd-16adf607fb36,SfvMx vGFzI,ZFpSwGr,8
8fd410be-3816-4109-a633-5f472272ecbd,YCtyI GsliB,gEcuySa,2
24232e3e-201a-4aeb-be4b-c91780c14506,jKZkl AtCgq,fhpfKYB,8
3d69bad3-0506-4e28-b3d5-c3500729dc1b,tMuHp IfGjL,vsFQyKO,5
2154b449-e4c3-4158-a031-142c97141e50,hDqPt dKpaA,BGjeygr,9
61506e72-b76f-4aa8-8153-9fa28cfdb313,oqisd oUegS,oTlPyRG,7
8f614377-a130-44e3-8c34-cafd1e0d4faf,jOWun OjZOn,NOmCieN,8
d5ee96cd-8ba4-4ce3-933d-cdeaad0b96e4,AEFPK NJKBP,dsvGXYu,8
a879de79-2675-4faa-8747-53a91a3d7020,KRuOB yoQqc,ordBEUz,9
6c307b5c-1b71-4e7d-9b59-7fd91e4bb618,JuJMW HcLEA,QxBdryO,1
2d56d3f5-81dc-4a5d-8243-7c59df0b533a,sOlcF oXEEZ,zSklgoi,5
7f58c158-411d-4c46-aa8f-626880b0b7d6,EeAMT BPNWr,iDcDyka,6
8f718af5-0e49-420b-b89e-c94822c42b76,cDuaS MvnRF,RknCapE,4
5c006461-3617-4dd4-b50f-b01f1498698b,YPCNx VWLao,NRAsdri,6
9b21cf88-ccfe-4357-90e1-210ca67caed8,DpQJU wfWmN,GNFEALg,6
7d78869b-bdd0-4065-b510-1e1e89ce990a,YZWUR hBQKG,SgjsSJL,4
10f33fc1-298c-4e30-89fe-e300b53836de,fYfCo EeseK,CpavVlT,2
c0224ede-68b8-4280-9762-9e336be7c899,OqfqL PEteg,SezmDvd,5
95749692-dbfc-49cd-b878-6bfc71d95864,YYqyl kILoG,sMuJLnl,8
98026723-70d6-4fc8-a492-44a53584064a,obFMB qmUPc,lVpztLj,0
831cf2c6-58e7-41c4-b337-381324fc9dd4,HlKVK gawYU,WDlgovF,7
373596e7-d35d-477a-b045-eec3ad66b884,regwu JsoTe,PAlAwVY,4
b516d584-cfd9-47f3-a4c8-bbffe3139a9c,kBIfw SvHmc,LWerQXr,5
5084339c-f48b-4f7b-bff3-da51600fe6bb,NloGF mzxok,hLGEveZ,8
728854a3-18cc-4a1e-baa8-4ef42041a15e,XEbSv AuDBm,ATkKUkz,9
ed280e8e-b55b-4e8f-b695-6c16772ded4b,fOOgU eTmaH,LHPitzw,4
f0e90f2d-8dce-43fa-b960-4eea0ce1bc82,XQwQR AzpAl,hxdtkQk,5
ddcf6232-822a-48b8-9ade-96125ded6d36,jtciO pNztK,LasgFpj,2
b8ef7e66-b0bd-4e72-8544-6c900cb32c05,KpTAV XcnuF,NUmDtOY,2
bddb617c-b996-4c15-9dbf-ca2d831fd156,lhcuG hWvfq,qsRRQES,1
eda899ec-a358-4111-855b-e0b125be25f7,piOsW xTDhs,GDLsdzv,5
38a046bf-c79a-48f3-8cea-de7bed39b385,JwVtq UOEMA,euykSpv,9
f1ef00f7-1ac2-4ac0-8be7-a0ce7079b001,KLkoV QzOyz,ShtjSwk,7
d7f1237d-03b8-4ad0-a1a6-86a95711c168,fpVkc FUwWq,zdOStZS,8
23ed3526-a8b2-46f0-9bc4-bc71d0370c57,VZQOE VAWsC,KYOVasQ,4
11e8c54f-ab6e-48e5-82f2-63bc4996216b,jxNRD niuLh,ZUPJNQi,2
81e0920b-824e-4b2b-8af2-46e79857f3c4,oaOvi AZAVJ,QKajIEE,7
3fbd33ed-a9d0-4a35-8bea-4142f160e253,oXdtd aLXce,lCiGkLH,9
a2cdfc4a-5e19-4ab2-9985-31d87fb29421,GfEJa hqsbo,pZCAmkH,8
06dd1308-b212-4045-ba4f-cba4b1eac029,Bjcvk IqtVH,VkVkqRm,3
b5320e5c-13c9-466a-ae22-9829bd4a4ac0,pGTcp jqBeN,LpLOrZB,5
70233360-1b70-43b3-b073-616f29f446b3,LBLop mHScr,IUkNRYU,4
02a9ed76-4c4b-4fb3-bc9e-d004f5269ce0,LDMUa iUmOX,sDcBIyC,4
7013e025-fbf9-4834-b539-c1a334d26ed4,UMhXM KPdyH,dFPcTQO,7
22561fdd-72b1-4acf-9d28-c8a9fec5e505,bJUcd dxlqc,GblIGOh,4
c23eb6ee-fee0-4b0b-95fb-8c1f9f0171a7,VWJIF lHcjw,afWVsTJ,0
49139775-ef9d-456c-bf61-ddfab3ddcc2f,AhqKA fLKNj,qRLLoln,3
8eac6335-8910-498e-bbb4-e3de312000fa,bGTva DWUnT,KAsSAbJ,8
b48df0cd-dae1-422a-953f-8eedab73f493,ZfhaK gDmBv,TQTozKt,7
da6e9087-558c-44f9-a2f6-ffe04c833807,xTnUr QRfSC,OJBoVhV,6
cfebb1a7-378a-4ab7-9d60-562d00abfa94,gHmBI BkIoY,HhxXHUK,6
c9984a82-bcb9-4200-9b39-4d5cbbab59c6,oqmsv FTyJb,dBNpnfG,4
776cb535-d704-4d83-9608-20e97c542753,Mmafv QJOwT,wJRgCTW,0
09c28a03-6254-44ea-a93e-022a4bf6763a,hQEsu xKGoW,MALvOcG,0
140bfaee-a1b9-4705-b5cf-c17697af7625,QQIYF uPfaZ,FbFxyWm,9
d9f72a2d-6563-4b0a-80f8-bd4ff558cd31,EqpMX TWeqD,iFOmjwx,8
8978dc48-d0d3-44cf-b3e9-aecff33d5a43,RSorP vEcUc,eDRmFhL,4
9d9f8273-eb39-46f7-a5c0-eb26392aeac4,cnZBh DASyC,MeAGFXn,1
24b31a7b-b754-41cb-ace7-ea1ebeb87336,OXpDj hwLsh,UCgVTKD,7
b91c942a-fb61-4336-961f-0a05a7aee7b2,ZrNfR orPSo,iFrxZRz,8
d589bb7b-1d6d-4f80-9e40-27e642df53db,pvTfk quXTK,migBVNX,7
07b3376a-4016-45e9-a120-0c558012e4ce,GPHbX ZKJQy,yyRFtZR,8
688ad674-85f4-42a9-8593-cd253fc6328c,VTsXL EzIdN,nGtZnPU,6
02df9e1a-c4bf-4029-9dcc-6b6a20332e95,fCHZj lvCYu,CIRaqTn,4
7ce178d8-9be1-4f38-8548-3a1f005b9d29,ZMdEC edoOF,ZgKafPu,4
e116fcb4-85cb-4a45-a80c-7c40f8a24943,meIco vWuwr,uhxuyNh,4
25ac3580-2612-4c91-b40e-a86a2b916e4e,ggKMI ZkTVl,NJFkBOx,1
ca429204-fa19-4cde-946e-fb5719e926b7,aJmCW VaJnS,ohJffip,1
8c86c5a4-5a40-4c88-8913-742202fe2d78,MrNbN YBHvx,XaGFmZz,3
52cded20-1c4f-4b78-8faf-ba7c3d58c280,wGlct xUwEm,JiMziCt,6
00f76819-a650-4701-b733-10ceb17f0e9b,EtnKt rzSGv,KQgPkJN,8
66787fa9-b71b-4185-a07f-3af4317d556b,nRsnv IKAdD,iWCnPKD,6
37074d79-c9a4-498b-8558-f9825a90d3b3,pLJlz iRWhK,tOhaELf,2
a3c31495-67dd-46d1-babc-7507801c3f92,nKPqG xLglP,ieospzR,4
7d1d8c1b-05ef-439a-8c98-e9af77b09857,wCJCs vIRHl,JhDGtXO,1
2d8bbf65-dd67-4438-8fd1-b7c6aa6970de,vBBpI nASmN,zCrFEZR,9
e82f9446-dcf9-4b14-bc8c-7a983206b9d2,jnDrJ dsLFf,ogJaSOr,9
4ee40176-d9fa-4246-a30f-6e9c4d11f441,vkJgv xnWvp,kuzSwmG,2
96d7a38d-f01a-4894-9c15-2537dbee9e6d,TZtzM Knjfx,KWHxXxX,9
4614072a-5a1e-429c-a7ea-ace977b82d44,jONqN aGtpN,EjGFElZ,2
f88ce31d-d4de-4df1-a34e-44db6723dae5,xojHt cOREw,QWHeNRS,8
7bd10bdb-ea77-4234-b7ce-5202db399b7d,KSXdN dpyKZ,QURdCgg,6
b41837e6-3d0c-485e-914c-bb653041d3c8,HhZGr thnNi,NTURUCx,2
32484a9e-97c0-4de1-b22e-4892aed07fd8,jMIcm YkeNj,hZNRISN,1
d978a362-e41d-4c29-9111-edfd95dd777a,XwGco OYwtF,jfHSJbT,5
00dceaef-3d1c-4a36-b4a5-fce54f3bc107,RNHov JDtSP,wrNYQhO,9
365bec56-de17-493c-af88-374f1617c489,svHTU ZWdNn,zrDXhCQ,2
4b9f8f30-6521-47d6-9c79-d09feec3a7df,lKZVm hGpAJ,rrXlCoq,1
d1d0ae17-8f6a-4edd-a655-f38076bd1ec1,nJaUO YBTRR,yBGwUcZ,3
4c61bef8-96da-4c83-ba45-964a4b535ff8,GHbst vwpMs,VHEdtBS,6
a8f402b8-674e-4840-8ee7-16dee3d4496a,pTUdW yRBfi,IAHLhkM,6
5f955f17-84f9-463d-a51d-fe67a0596c50,UnlcI PSueW,pYQqEQW,3
7999580d-ae75-4ed6-8790-e514188e5757,btzaJ MAGSy,jKXPoId,7
e1c80942-d9eb-4869-8823-8a3b3e465f45,HcbVl Lqprr,GcczIbp,3
66f8536d-5674-4993-9cff-de997d0af811,tkGPb CwWfA,MUgcFpN,0
97c793df-f230-4bdc-91e6-8384cf0d40c2,sgdOW tFFFb,RzuuWpT,1
32ec1608-f6ec-408e-916d-bb789604607b,oaaLy fDIEm,aubQXZn,5
5294d04a-333c-4b39-8fe0-2bd52bf3c928,BYeyW JfmXx,YKwTCEG,8
3d4bf2ee-de09-4e9e-ab32-9b662e31ae65,zMAMN qxBLs,aUdWsfa,6
30572f1f-394c-4ffe-af71-bea069d6a3e6,pHJOf WakvL,AITxGMx,6
f51c45ea-3266-475c-91b6-9ec11cbc572a,bEcwS UyNkg,xFdSOVS,7
8d504deb-72e0-4a14-b0a5-7b3bc7789935,QqGcH vMkFd,tIGYGEu,2
3eed0395-1af8-4d05-9b8d-98e154762146,unUcK qnwzk,Pbwnfrd,9
a0342fd2-8de0-42f6-96ab-14d1edd74168,lZoja KaCzc,Mpyrizk,0
68e9be70-d964-43dd-a956-be2dec890c99,FwUoM YuvgZ,ZcuopyU,5
d88cc331-f79a-4e5a-a297-eee46f259130,dWlSV jtHir,ZKWkqEu,1
d993f47f-a7e9-4c6c-aa31-97db0c51db07,soGwz KbDfR,tjSYEap,3
08d306ef-874b-42cc-92e8-78aeaff3cc89,zejOQ faRgQ,OdjTAep,7
d80f3636-fe8a-4f48-9b22-2da000b682a3,hpdpv Oyytn,ViorKVH,2
2f9443a6-022f-4db0-b6cc-f58131e79253,vzzeL mbRbC,fuYWkxE,1
1d95e8ee-7a5d-4983-8a2d-c705df435859,pPEpi bBzQh,LIkMeQg,0
a37c01a9-0ab8-4d04-bd2c-361be73f31b3,fXarV vEjUb,imGrfjd,0
092196b2-5b39-41d5-a511-df75434f3470,AOhJd iRvzA,uypunxg,1
20deef2c-8664-487e-b2eb-bab5ea140abf,GrgcR DEUxe,URMrVbg,8
9bddb545-3fd4-4ba9-a8ae-b2c6bc593a30,mnrlp wciQj,xhIPUnW,8
66f5c36d-92e5-4054-aeac-47ccef886f28,nPLci OBiyO,tICeUEi,3
019ab723-a8f7-41fe-862a-4248f3dd9617,CvMuy Xxxgi,aoHyMsJ,8
0ebbc193-dd28-4186-98ba-253e8a5cc7ee,ZYeOq LTXdX,yyZSNol,1
4ed02a7c-f2f4-4c44-9f1d-7afc0549d8c6,rdbDc veBVI,YnXdOEz,3
fa762afa-55f9-42db-be80-c7e267a5a179,dBbko XjLYP,YJvHIEk,9
54614806-b5ba-458c-8764-bf662c4f283d,skSXn igFIJ,LMWgZpa,9
4cad0465-bc95-4684-af82-52dd5de5e418,uTaqU KaTlV,ChghkQr,9
5e60a101-6464-4286-baf6-ef16ce3a5d03,VeCvI RSijN,JSbxMJM,7
531c9b6b-3d11-44e6-9207-59cd0fceecab,BJMFc EoJKS,EPIrtyD,9
dcfaae64-b774-44c3-8a78-8b8f9a481b0e,DNIyw GubIP,bENVhlq,4
4a429f18-4ab7-4ac2-acf5-aca4d3e777ad,bzGDP quXMd,SMyxvsL,4
380384c9-c69c-4028-80a3-fde5b2adf4a2,AbrcB zazLL,elyCFoh,0
9db35de9-9c81-43e9-af7d-d22c4526cb7d,FeBVw nbpjV,Ddckmrg,1
1d8c0e72-f47a-4056-9ba0-5a0a21c83471,QhiFl QQMCA,ctKttwQ,6
06e54cf8-035b-4ab6-a9a9-398db7054c57,xfCoZ zRcEo,bViklhe,0
90ccf5f4-b208-444c-af6d-91426599a51a,gMlqI vSpXl,WkirCuv,7
7ffd72a4-42cd-4337-9a48-5fe0ec11aae9,fmBVG WNsIb,vBsBRnz,5
9ad825d4-6676-4585-9682-14debccff86e,PXbVq RfhzY,LbWHEYI,6
34675314-39e5-48ce-94d1-1a92f8a4a5c9,OmMvJ pfhdc,IXDETon,1
d3a69363-da7e-499a-b02c-4a3d46da557f,RtLfg LcgsY,ruXLnkE,5
44ea31a1-ac8e-42c8-ae3d-f5048778ee09,nLEaV QBHEj,MDWUASB,1
f6b67dd9-f872-47f9-baf7-39560ee78513,yYccT UxFaA,xrMcagn,4
bb1ff4a8-2e45-4e4e-a037-6f31f17b4ddb,vsEfN zIGpY,anioTCw,5
fa993271-05f7-4f3e-8908-73ae72963d1c,HOAge icpXx,ZKRAAPY,3
7602f520-c0d1-49c5-b539-5583953bbe1b,ndWdV Gtyti,uTdFsto,7
cf096e7f-81c9-4ad6-92a2-67f53d68f64f,TzRSq FzNqF,HuiaIhT,4
74890b22-45ab-4cd8-bb98-775138713dfe,SdagO oCGnJ,gssdrwP,5
0906e76d-35c8-49c0-b4dc-76cf1a9978d6,WriTr iPAYr,idLurTy,5
63939d9c-96b2-4bef-ad2f-3f7c8d6b86ca,EjadW tNcph,gQjNhlB,5
2599ef48-9987-4437-9be1-8cca8a5fa47e,AoBIC mNEZU,mLaMnbF,7
547d3b8c-3eb6-49c9-a23a-de1339d62d07,NPcQn TEWRp,tlhBnkp,1
3c12b437-e150-4565-9642-64a687b1a8a0,XBqsw KudyF,zDsbgXo,6
9d5b47df-fc77-4d3e-8e21-a814600143c6,fAXBj Owcvw,fRjZfvL,0
f2ac9687-2175-4275-94af-0015e65ed60c,fryfI cOoac,tHuZCsN,0
b7c8e2d0-478c-4c5d-ace1-6af57502ccbc,ntIUx kYsBw,ZIZIgNq,3
35b8c617-e5d3-4812-b078-0e8e9d987ebc,TJMJZ pbcpQ,ojwLewL,8
64885f46-a4c3-4d04-a8e3-ae39f56093a7,xxJPf tmzmI,FxQjTNj,5
16795b96-edf2-497d-a4b4-eb1004be19ef,ddfSJ hAwVD,kbQZScu,6
771287d6-6a9b-41d1-bbb9-98d59d5a9f70,XEBvz WbQYE,YHwAJyP,8
0bf35268-7e4a-4b74-a29c-6dbe15e9bda2,ToInw KaZXG,NZFZeyh,6
ac240621-a4fd-4f24-940a-575bdcdbc0e1,UBzcN FUBdY,IcLUrrU,9
5269fe2f-0349-4730-bca2-2d2b092f7b5d,KpyXW uHUuv,SpZKair,3
8ef7c0f6-d6cc-4625-ad2c-816dea6f7aac,nPMzo PMNwZ,dXKqLom,3
d831cff7-883e-4455-ade2-9fa4c9357a09,pOrZH iqJGs,oeNojnj,7
c1675bb7-ec06-482e-b044-6edafd4c65d5,EjngJ LTAnk,hPtMcvT,7
ac5f8a03-21a5-424b-be8f-b365a83caca3,jdpmS XKEch,xLFvqXG,8
776df342-de9d-4d02-9cb1-22ea350b55e2,mCkqJ aBamG,AjcXlTF,4
23cba85f-23ab-4c6c-b9ee-189a96538a27,nfJLU HKmIS,EGNCaOc,7
72bff562-2144-4a0b-a2dc-1045145e9363,ZjLkB EMkmP,eGuQclQ,9
8b10a960-d809-4007-8b49-6c5b665347de,ISEvC kDVCM,xxgMXif,9
36312743-17e9-4e92-954f-265aa4814fb0,FeYao GloBI,cvuanvV,5
e3614bc2-6c45-4798-b0c5-aeb12a6bcbde,fPRzr mesCh,zFPEuze,2
9017ad2f-6920-4494-9edf-c2563fc90ad5,WIeiI jlwVm,WrwUQjp,0
3d3984c5-2436-4bd4-9de5-14794352125e,EjSUp mGhdg,UgECwuU,2
06d35b3c-f312-49fe-aa7c-13bbf8ee4641,agylq Eapzl,BgnbORs,5
37c9baef-dec1-4c2b-942c-7409facc69b5,UXjkK gfgXv,XzIzDsV,2
b57fe9c6-3b6b-4b7b-ae3e-bfbda518f435,eyyjl jHWfp,BcgPgAh,3
151338ef-ad11-427e-86f8-ed2c1b530dc1,iJkuP eaouC,ExshvfQ,3
da3e1630-82ca-450a-886f-87f586ffb239,MMsNw DFEZe,ryGBJBq,2
5682e264-c678-442e-bada-1cd5ec6c13f8,zdEoG zsSpi,gcFSSNF,9
8db7327f-ff4c-4e9c-a401-d6f04dad993d,ffVNG okOdC,ahbGgGl,4
1af638f1-f47e-4ac3-a129-0c80c92ac707,nbqQy CZfai,MAAiRGM,6
2bc41ce9-c1a7-42d6-8a27-07e1c97f806c,ltliq wRZQi,AoBawVI,2
f8ce2677-edcd-4d8c-9480-21fc6a69a285,dBfLo KmKdE,fGzSCmH,4
79eed21a-50f1-4f15-8f79-f8fda2c98647,NysqD unHIU,vQDXqtp,4
71b16300-254c-45c7-b759-1ae57fce1127,TscAX qtWbW,JawGzWO,7
69c1bf88-44a2-495c-a3ef-cec320b5d5ef,SedVa RIwFr,oZNwBLt,0
f60e3d7f-b3bd-4915-9cdb-86e10d243d33,hVkAk PguxK,LWYYAqu,4
64cf1f1d-c437-4b45-9f6a-e283eb81ea82,bsRDY zyDlf,KDXUiBq,2
1a8204d2-dda7-442c-a4b5-90327db1c436,SjimN qBqJc,KbIyYJq,9
993a4abd-3adc-4451-8bbe-68c2065ab826,vGEQP bTguZ,RcYbpiP,5
1fe86d34-4cf8-4575-9394-fc75e0e4a72a,jzUPW vMhnt,eUHwJCA,5
7751bf15-a577-4194-a9e2-0be32bbd3a07,FdbSv LnrTW,qXMoljv,1
210955b7-95c9-41dc-9618-6df03f16e343,CFNWW ltzhw,foxNyRI,0
3d1e6a04-8c21-4544-bbe2-fa62f9a6b0e3,dkSLD Gxssa,etLuSwJ,0
3755ff45-f1f1-4f20-a3fc-d24e94c61a14,FKyjx TLcCr,gKJoLyY,5
9bded369-283c-45b0-901b-2b8de4749ee0,aUuER bvwYH,ZzZAaTc,0
726148a8-4375-4098-b905-f9519a1a929c,UZSHw hgkKi,CcDadWa,4
ba80724d-5513-49a5-970e-879a6d1c9025,fxnVC KcQYp,vsfeYEX,2
e2b83c11-590c-4b6f-896b-08b2923de0a7,qZjOW elrNH,aITBcBW,1
b55c3d35-b387-4ca1-8530-354e84bea137,BjwdN eJGYh,ZnlAPZQ,3
bde743ba-5d50-4744-9045-8614cc1b7937,HKEus jpieZ,AsZlqaD,5
742de6f6-7903-4918-9606-7920ba1ce8a2,CnOQI DcwVC,yFpIfaG,8
dd29126e-b8aa-4d69-8ca9-899755b3ad1a,TNNyZ yBISe,uyrsvRM,0
0899c291-27f7-4445-992a-10785c85d07a,KhAWo mBhHA,ivMeIJk,9
7344dd67-807e-4bb2-8f41-8ac2283e1d44,DuReN whrjY,oFJgfLs,5
deae15e4-0fc4-4ec1-89d6-07969710da1b,qpIqm rURzA,ZEfQRTh,4
4c4db299-df26-4e50-8a10-52c7cd1d1033,JpdOx RrwpZ,bJmmzMi,4
bd53dcf7-df17-4d09-94f3-74ca84b6084d,Ijley HMUzb,nxApkIg,2
fa1369e3-183f-4c0c-a906-48f214781749,oLzJC nnDln,xGMceRg,2
07bb81c6-c2f8-4f28-bff0-2c1d4a50f93e,ZMYBw JuARR,PLRfKuG,7
2a70785d-52ab-4d5e-9dca-b90a678500f6,YuIbi qgoXl,nZRqIbw,2
dc183706-ac7c-43ac-a1e1-3c55af59dd8d,fObzn bzuTE,oCXsNpg,0
514c2bb7-0c09-48ea-9fc9-fc9b43e2d352,ccccX bZpku,GixSzKi,3
7de276ba-5dbd-4c0a-8397-b597bfee89a7,akCRH kYYMD,pdDxAPl,0
afe18a0d-2dce-42fc-a19a-2faae8679f20,kqFZU papBV,pFWyype,3
05f9bd81-e749-44a7-9e2f-210025087bfc,dktmD OKOaJ,XWtuDxA,2
3fa5746a-c7cd-4cd4-9348-72d59082840c,YPRgG NzsrU,WeINwLV,3
8260c13d-6f0c-4634-87e1-69a0eecdd872,jgUPp cYVDq,kEyNhks,0
468fa037-b35c-46e3-a902-a8d357e55727,mLnED WSUvx,KciXrBg,7
bdd9ea10-ceb9-4177-99f3-cf963ca0fc29,mIpYq gmhBg,BULoFMU,5
2511201f-a46c-44ae-bb36-681653e1aa04,TNCmf bPIgc,ZJaQEYq,3
ac2c3dac-3b8a-45ca-99ac-ea817063cadf,RiWoa JLoKM,rLhPBAH,3
841be7ee-03b4-4a6f-8800-74146e648497,OUZew qRBFC,aDJBLdr,1
c965d236-8952-4d02-bed3-f0b606d10a0a,HrLLy LEVRl,YlQFWAs,6
39b592fe-f6e1-4152-987d-37233b827238,jwiow IGrOs,FYeTUlP,9
402beea4-7d6e-4782-8877-58605701c601,AMKri JDxxj,qMjMVDa,0
e01f0c60-5ca6-4d69-a922-07fe88dd0fe3,pjJJE YEHjW,tcgbcoZ,0
bf908302-db09-45aa-8090-6496d2dbcbae,vivKU IQEnV,FAeRguO,3
03f0f13d-e756-4270-8215-e26e68371cb4,yNKse NMuWP,pYWTtaF,4
f7047238-b356-48ef-b721-cc4d53d8177c,DBVVV FpmXO,gHoFYmc,4
7ab09299-1a5f-4cdc-b862-b2d5c3913842,YpVMX hOUyx,CGYiSCB,1
b79f1ca1-ceec-4deb-b18d-096a0ffac458,zZlfQ FNzle,ccLdoSX,0
32a8c0f5-60c7-46b8-a3b2-b539edd7d9cb,BhDRs aZmgy,aKgPZjs,2
e293057f-e739-425c-b788-b7f1def98512,hNePZ fRWZN,zZgEEUd,5
a2a09740-cfae-49f2-8d7f-eff49482b184,cleJP gfPwJ,phqwMer,7
35630c70-73c9-45e6-bef2-1bf5e447efec,rAFbR IpxOJ,AquZxYO,4
dee74ff6-e571-4103-be37-aa768f77d527,wlevi KVMEu,ayaLPlQ,2
a154e2aa-51f9-43af-b72e-43d1504e5385,GJkSp rnZjt,swEMKQT,1
7bb023fe-cbe5-43f7-a5c5-63b8d9fe41ad,KEfZZ dEWrc,jQTNILf,6
7da40624-a858-4ce2-bf72-334a749d8345,Wgkrp oPhfy,edLFvAM,1
b234f550-ae6f-444c-a99b-783482629c10,bLabC keRCJ,RQTwXDO,7
59bdbe31-7b96-48c7-a848-aa44353c7ed8,JeIvU BIWpI,xQADohU,5
29736038-94df-46e3-8a02-b78dc83b8b78,QCigG MVCcb,OpbKiUd,4
4e7f1215-c153-4f34-80a5-b5bb70562007,TiMcT ZIFmn,isLAkKr,0
fe8fdffe-d99f-4d07-9856-c8710b6efd97,tOTpi paxxF,gbXxzsF,6
95860cf9-394a-483f-ab72-cdce08116b9e,WXRFJ NpAiK,KZQRLYV,8
b1a9d8a4-6ce8-4e9c-b108-9b5f18a458ee,trDsH zxKKq,mjXShhx,1
df4def35-1587-4594-a16b-aae63a52e735,jQlxU fIzHl,AWDjsNn,6
8d453121-4b2b-4a3a-87a1-a9980d5d758c,xKCAE xLuZS,KrtNKUg,7
4b5cfdb7-03c4-4fb3-b139-cd1e77d7d47d,HNiRj kAxnB,lIUUdvD,0
6aa2eef6-18aa-4464-b881-6b028de9c529,XkUmf hXrGJ,YDRvaCF,1
ad83bdf4-5836-476b-bb4b-ec93e67771db,JHgLp dLYfV,uBHaSTK,6
4944ed6f-f251-4812-9552-b17d6a817390,bidBF vivjZ,mCBUqvH,9
0b247b6e-d44a-40b2-82c7-90f0b1d9c5a5,vVijj BqyMr,wnPvrlo,0
dd5e41a5-eab8-4cfa-bdd3-fb98ca374976,yWBdD EeVKm,OQxpmpu,5
7fc4a431-e6df-4ba7-80c3-3ee5634c43fe,ZZEgk XRFXM,xgfSlIH,8
8545b330-1926-4a4b-95b2-a9e74d55c289,wYuhy mNHFP,VifcJPr,5
ebc9750d-2c03-4a20-9436-bd34ad11e624,syKyS vsoOL,YGuyVrf,0
112cb2b4-8df2-4e24-957f-a63e64b55dcc,MeiVz RurRA,TPMEOHp,8
cb39c71f-1835-41c2-a050-1436095fdf21,WTOub krAYq,TEerZWP,3
954cbdb7-65da-45bf-9924-5acd23879e47,MjybB jIzQJ,TUlblaL,5
864ac3b3-579e-4328-83f1-03b7bb0e868a,jLSTQ ndRKr,FFpMxav,4
01a1028e-c3f4-4854-a68d-c4d14e3e70cf,qjeXQ POceO,moXggUL,4
0700173b-95d6-46ce-a641-54a91e23e69e,WbUqT PRCRX,tSYpbJm,6
549d64e7-18a3-42f9-aa01-75a36ea8c19f,jFlTT snJoT,sQntbvz,6
268b0116-082b-42d9-8c46-4bccfe9833b6,udAtz HdUbZ,peSAWKF,7
e223abd4-d2ab-4a87-bd2d-08bf56a492d9,eicnW Efdwg,EXUcNKD,8
7424c0ae-b0c0-4503-b3cc-411741c4e1e6,ARqup uUXLJ,guspsDF,5
8e97bd0d-947a-4bc3-a55c-7bfc22097188,Ezxey TxLdD,bvIzDnV,2
4a1245f8-ebd6-46f5-a5f9-ecdfd81d048a,abadP PeInZ,nCAuDNb,6
9e931e2a-d56c-428e-9aeb-5aa9ac68d251,hWSoz JgfYx,waqDYsv,7
95eab0ed-6fda-4ff5-81d6-6607be1f888a,usMtT Fiygk,gLgnqSR,3
b50ec745-676e-4317-8e7a-837da162b736,vTuZB IHvCv,sNVPVtg,6
f6be5352-9fc1-4125-a3be-585a4c5c5df6,FgOVi XEuom,bxUZsHJ,4
3bfdd055-5763-4e29-9bda-2e0d0aef914c,pWHlC sXgzW,MLPaUtf,0
2f82e08b-3019-43f7-86ae-7c0772303ebd,wNwBd kBFjD,nWPhUdF,1
4c259ed2-f324-4981-88a1-aa0d7f03494a,DFvCS UtzTW,cTmIUtY,8
88e368ae-d745-4587-910e-ba3f0e238183,PqYoE fVgAC,EACrCyU,5
8f7a4df3-e59d-4bf4-802b-dacb118911c5,awlnG vgCCa,oYeLrjy,8
1c5fe656-0fe4-4345-a5d7-a98777927980,rFAzc ghHAf,dPROfTV,8
b266bc57-9b75-4905-896f-03099a470646,QFumB zXUyO,comDand,7
22f0e237-727a-47b8-99bf-d13d61a999e8,MEVrY JmzkU,NClYxFJ,4
382ba24c-4ad4-43ad-9394-2f96c345557f,RQwHy LstlC,pZHrwMp,2
a42d9ed9-1594-4525-b8c9-a306be19775c,YAOyq tfnEA,USNHXof,3
af21161c-6508-448b-84c7-bb9ee016d373,Ppybl vmaun,CcBAzfH,1
7d319ca8-3d11-406d-a37f-79a8f1cc0e2a,dCZjJ sqrzo,QbSkYly,1
255ce260-21b4-4d18-92e6-d7f7d44d7e31,RwlxY aytzw,KQwbciV,9
0d406323-de1a-4b11-bffe-a822c10820ab,fwuzD ZEqRK,gzPzhlh,9
b5eb422c-62de-475c-ad9c-160dac793812,ikReJ aSHht,uvOwoUN,4
2ff35c39-525d-45ce-b815-2231776e7931,LgfyL KiucU,oBzuSrw,3
986c1cc1-3ef3-42f4-bd2f-a60248fbe0be,EnqCL cFOMG,ABLQbbU,5
549b2fd2-3c9e-4e9a-8fa7-52a876ff8221,mFgFD NragZ,pPkJMzV,8
395a09e8-719a-4920-b731-0755e648d812,ssUVp ZwvYd,CXPHJxw,1
9b4d381a-41c1-46fa-ba7e-0c101c8aaabc,ISwGY BETpK,AOCPLCp,2
801f5374-03a5-46d3-8f95-402c50117eed,ifeaH ebaml,eTFSTDm,9
1d2389fe-23a9-4918-a4e4-0205366346ff,xNCmC xJaMH,yprxnJJ,4
f09c7884-107d-4c51-88dc-9855571c6529,tYKtQ aPwYI,vQHpyph,7
09096e2e-d1d6-42d4-ba1b-2b0286c5f847,FxEoL GZiPV,CUCATpD,0
4a5a300d-3a8b-46a6-927a-d0072e981dd9,ZwtVm cYytT,dtznNMH,1
415e314e-90b0-4508-a4a6-6205d9c17bf3,NcsyW tvjNu,TxdWHTg,5
695a250a-4147-4937-8ea1-ddc322d5c762,imLBZ hfejn,MMVrsOo,3
0e2ac7c6-8cb8-4409-ac09-827610404d68,fCviG NsDHM,nbVLnWm,6
b12842fe-c36b-49ff-a535-296ca4340311,AHYeg vkkuO,KrLlecg,9
68edb4f3-c2ba-45bc-b389-e2475578731b,PWkwB WWuUJ,ZvZTwIO,4
dbc05837-b203-4d4c-89fb-8e3deecf91b4,sfrco EyPtx,WdXyoVV,4
a459dd07-5a51-4dde-a448-342a4d6be25e,bWHtd lTFQB,PvjqpLA,8
26389927-6bd5-44e9-94b0-e6d8fcc8c047,gxzHY bQWap,BFcJwNB,7
a4231699-0095-4322-a04b-4a5d0c359245,XWPjp TgrEK,DjBWWHS,9
d79aac31-dd8d-4694-b440-1e0b6ee43ded,WHwEC TxUSn,QoCzMJU,5
dda9ee00-0c75-454c-8438-c25872bb60d1,sRCVv ycwOW,gXMuOXF,4
91607e22-617c-4082-8ac6-3ee12b441bde,hvbai FgAhs,wMCtvdY,9
19daca89-ff4e-46f3-acdc-23c3485c3f10,xtHpp yxETI,nIFDaAH,6
216204ec-4de6-4580-8fdd-3b75e6b765c0,cOuTx taABZ,JggBeeg,8
b2e00d9b-d77d-4ecf-933a-d8e02d8ffa6c,MaOWj mDpOM,QUCODfF,3
0809f24e-6ed5-4944-8054-0cbacb05a918,tQDPq Awtyc,qGGNJrL,1
21f1aaf1-8538-4a0a-a5db-3958853e92b8,eODIo JRwgw,FSbrJVs,6
bfaae2c2-7170-4342-80f1-07fd1dda0f70,ujuTe uduiG,ufOiHgf,3
b838e3ae-38d6-4098-a655-4ad8a660f138,ZUyWP WCYzM,pSFbKrR,9
c12470c8-c27b-4f79-8f71-469ac63c8cf9,wPgaE TdTsW,jjFpUpz,0
148f9e5c-8eb3-45bb-a86f-c5976107f9c0,qkyaQ VUXrP,ZjLRggp,3
ae135210-d83d-42bf-ba83-89e29f9683aa,yeici sJXdQ,mGevVde,9
c4405716-2749-4932-b016-faab764484f7,RmDoo pBXpA,NNSFbkn,0
614be59f-b975-46eb-9725-d6bf2d1ccd26,FDYNd zSJIH,vbhsjXf,7
5f6d4436-e323-40a6-aceb-a3098042511d,rWZAC pdrEb,LULWbmF,3
b611d895-0511-4852-a0a4-dfe231661d29,doRFK OaAHu,LpSpGVk,1
68143cd3-3487-4827-91e1-dc46af8a6ac5,DbzPk tUyvY,LRDLOBf,9
6b33aac4-3f61-4dc1-a071-488fabe4e808,wxnoU GjtsZ,mbFgwdc,0
3ba4f56d-6033-40fb-9498-7381d3a2543b,BJsdM xpjGv,QKBzaUD,1
887e5274-7778-43d6-b7b5-377481fc4f43,gnnBa zrusb,ytYudTg,7
6a0c2247-00c1-475d-8157-b70c0d608345,AIVOo YPfen,wApMlVb,0
732b172a-9336-49be-a2c8-92d1efa5a1a1,Cyspm NEQZd,WJVqnbr,0
30fdeb6b-0f40-48f4-b6f5-0cf4e4376200,ewpdA BgugF,aKXyLlW,1
f727c8d3-7b39-41d2-939f-93f996772265,zBgjt NRcvS,exmQKDx,2
cfc596f6-00c3-48ba-a286-0e268e7b1dbb,FoEGh mWoNf,jfhOSwL,6
077f604c-dedc-4cb7-96d5-54b08ae97a79,JJnmz amyka,JamllLA,3
15d72de9-fcff-498c-a0b0-ee1780ebde42,UTCWX hceGn,YTmrWFE,4
053538e5-c15b-48a2-9751-4109a4bf5567,hETpJ ThYWq,VaGdDve,0
f5755aae-9427-4857-ab2e-f4601741fb5c,jWoPB rhLnE,ZUuJZZN,2
e8055757-6f03-4761-bf93-5d823decfab6,IIHFx PxucZ,EHCkdqi,7
9aaebf11-2692-4c65-b86c-4e248dd14e49,eZpzP ngFdL,YimXUro,0
9d14a226-9b2b-45a9-834c-3d4bc3090a3f,HWKUt AHavh,Vergpye,4
341bda18-b566-4328-9136-c48588c9e74b,zWVtQ SPoTf,IKgTfNj,0
8cc25cd3-1aff-4a78-8370-782ce6a13251,wIXjf SLkyb,TtGKOXm,3
79e89ae2-46a7-417d-a732-e10587d714d9,AsXpO WgpCQ,WiPzvGk,8
5584dcfe-34e8-40b3-89fe-d27b16d24149,PJPqB wTzJz,tOBdiZL,1
c1771122-30d1-40f5-883d-87856414ca13,BuFim lzAjw,QimlNUF,5
42df127b-5110-4236-b74d-55d3884187eb,sOTAj NHPeb,rbtPxNd,0
1baddb2d-dce5-43d8-95a9-33d49c5196e6,yceJm ZqzJN,veVAcCc,3
f82d315c-0fb5-4c3a-ac9e-ee9696bed54c,RCfgf vBMPX,LlGEkIj,0
a18a242e-a95b-4b11-885d-cec964807e70,Ncawl oOVLV,LfLfKSD,4
cf1bf04a-f645-4ade-ba12-388eb7067f68,VExeR xFeIA,ucoaMIW,7
6a44ed5f-4863-4471-87b7-ebdf3cf1df86,RmZUY zqeaY,daWAKqf,3
bc7b648f-7405-4010-88f3-23ace0f3e47b,ARMUr biInK,nHNDXbJ,9
6c8d8721-8992-4aef-8a87-a55e4312701c,ADnGN xOvZH,GWatjiO,3
5cf31d52-e816-4986-9ea7-d4c4c1e3ac8b,eoirV iqvOG,VhBuzYM,6
6384383f-ec77-49ff-8da8-4559f83eac65,fpoyN hdZQo,hhCmOYq,5
4ffbc377-eb6b-4d6e-bf1c-9f57bcca2010,mhtve qWgMx,rPWHDeR,6
7f2a7839-7db8-4ff4-9578-dd90f80f3f67,POUSV nfLuu,dhnQMax,9
870feb05-5ed5-4636-b7ad-18cfceff1539,QaRnm rWiQX,OGDWQtj,9
bc66b7c2-f4d3-4683-ada2-d379b994c5b2,BBfRv iYzDQ,IWCCHuz,7
1d69a1d4-52b1-4d5f-a947-11aed231c0b2,fPVRi wjttX,VsrBbit,0
c7c6f6a7-69d4-4e43-a47b-4f69baaa2a61,bofFj SYdYW,JdNZPUA,6
8323d4e7-56f7-4abe-95e1-7d1f1a7b98c8,mptEU iNLDK,ZkXDkTn,1
dd1fe434-de41-486d-9581-42a66984a16b,gRraf QlRCu,acNENtv,5
42dbfe9d-8bcd-4df4-ba31-8ebdd29f9339,RcjTS hoiEW,KvcmPNX,7
81e40003-e617-4604-8b64-4be6d32a356e,mznpn LQDeX,pwAPVAf,2
1c670b30-bebb-44f5-aaeb-119d896a46e8,dPTlm OFkCY,jYHUiXC,9
5c94c3c1-5e2b-46bd-ad5d-cf6a4737a81c,lYZCE WgNIi,JUBgeVK,2
0f9537fb-a506-45cf-9f2d-d7bb02b6181b,EnLcn RVkgH,APEVOYO,5
dd79e5b8-610d-440d-93f6-3a53ae5e6f22,woyjo BOpdv,eFIMVSC,9
48fefa85-43aa-4fc3-8c55-1d7b216fc6fe,fuImp lDDUl,WgFQnNV,6
ec750f47-d888-44f2-9eb3-efcbbe0b612d,tISjo zaQKs,gBYCaqJ,2
904b20bf-8213-4723-bca4-06095018387d,jaZXM QikDo,SHlSznA,4
45254286-f9cd-4e8f-b854-9777e7d654b8,ailkK GsDHr,BhuzOMP,5
b4dcf96e-6632-406a-b41e-9a97a4c1f758,mRHRL htZRl,vkGexLP,2
8df85703-4c98-4903-99ed-d65c1e7491c2,ItTBw uoQTJ,RKZpPxf,9
edb02060-699e-4f86-802f-acbc06a46b49,JFyWc aJqyB,HSQTBSw,5
fb6023ac-be70-4680-bea3-fcb70316dede,dgjwz NiqHR,qIfabWK,4
0a61d654-f7ec-4c9b-8138-d4c5b36f1fe9,IoNtk pJIdu,smKqQvN,0
2666762e-7d9e-477b-8c05-d5cdbb56af0a,JzQld ksAre,DeHQMRq,3
13681105-3fa5-430c-9bd0-3487f8688a44,dkaSd RfKwV,ZHjWUgU,4
0fa175aa-83e7-4df1-8a47-47e41f0b9c28,jljzH pnFIv,zBzXJzR,3
882f61e2-3f93-4aa4-aff5-b558d69b3148,gBrOm zWoHV,OxGuWeY,9
7b331b4d-9ad1-4aee-b448-71927d0d8a2e,SrwoR ELhKT,nYlNpqr,0
f4c9199a-7a29-4727-9e39-25f35cc6fa9e,plWYn VouOq,YhwPEjn,7
5fb72ab8-b5a4-4e7d-8f28-0d8c87a880e0,eTVym ZHiCr,RQHujPB,7
67738fcf-5ff3-43b6-aad8-0083fdd19c2b,SdUNn aNpGt,hcFeYAi,1
f53379fb-060a-44ce-b1d7-ffa70cad39ea,CJznA QYQxc,ahrqQuD,7
7b5fd259-3fb4-4388-93bf-e6a36ac5360b,iLYyH QxClo,sFOqgnZ,2
bb2ec3e6-8882-4736-bffd-e289c1baf151,MMMoJ mGHNR,meOXIsW,9
a7c5d5de-02e1-45fb-ac32-4000df5c22ab,hIjqH jleMJ,ugGJGHC,6
f62259d7-6f18-40c7-b46d-7c9fb0d805da,xGYRy tJqjt,ZBAwwrf,7
ae7e0472-027d-40c5-a0d1-e6084028b69d,NawiL AQmGW,xVAmfHh,0
b6187efe-2a8d-47ab-95f9-fc81aaf78218,vyvmP XvTXr,OdYHfdE,1
10c5ad60-b248-4b37-b1cb-6ab5afe9eacd,uIHxq dMiVc,ZvddupG,1
15643553-2b11-4d6e-a7ff-f0c75631dc9a,abbMS WKQFY,KpZjSsz,2
de60d4ed-6676-4bd4-b876-55c733b4d3f1,iDnzI JPmPc,mhCHgbt,6
d1d59c56-9694-47b9-ab56-96a70050b9a9,cQydG XbLEm,fZWTgTE,6
b54cdde1-d010-4f46-9a9e-2ccb638292a6,RTGBM GHhLg,jUDnOkL,4
7442a464-d3cc-4a4a-ac4f-9ed97d094e4a,ybuPS VPpMW,DDyyEbq,9
5625643a-733f-4e05-abfc-86be7ed66824,CJYhn QOxVE,foUeyni,0
744cd525-8903-40e6-af72-3f2cd5c81415,qJLUb UiWFu,beNmXBn,3
167a757a-d2d8-4b62-be30-e5dbd26e9eea,pEsFQ QMVLC,kkslzsX,1
a3a4124a-0c24-4230-936c-85c184bce930,rycFX JGikh,iZlcaju,2
15539ea5-2dea-4334-9f51-5dd4468177e6,idpMh niJJb,ZMgcPdb,4
7171d2e5-49fb-4ccb-8bae-8183e1ba5262,PQMKZ vIDgE,kHDVAgM,0
65b05c62-0740-41f1-a5e0-bb05638c3a4c,OZIuq kQssf,SKQAwoN,0
355fc1e3-a2cf-43f0-b75d-1d75169c90b5,CCaHl wvMWp,nXzHtxu,3
07a9c0e7-f078-4bea-952a-e4a10744f99c,oPipZ FnPcD,sDXvDoN,7
c9f658f1-0919-46e2-9119-4cd011248172,ARCjx wZDmR,YRSmXGK,4
2cc3203b-421e-4214-b918-036c8540b0a4,izaUq zcKLM,WNubahd,3
79c25608-0542-40fa-a428-c150e5e069aa,vhYLo bsbJH,gsLtTVg,6
bc7cb24d-2678-4e0e-b92a-38d043d44b65,uWMuK TTpwM,vmxyoAA,2
c2d9204f-3f53-4701-a4ce-332efacf31f8,XsUJK RfHFu,kxPzgYS,7
6275c4a3-e617-4a58-a50a-eab9a4213eeb,lYxXk fUGLx,xiJMmOE,6
e52dedad-da48-46d7-b4ff-d7bf0f53dcf2,LZAeR mwFxZ,kUKQcMr,8
41be4439-f4de-4de5-85a4-f9194c4c34c2,BkKUI xzNVn,ELBqPlo,5
8c0c2ff2-b8d2-4baa-9655-c304537c6fc2,nrmTu OmqlO,OmzKTTB,6
eb7a6afe-9910-4d74-a398-40a2ce9aaa70,gvncq uddfq,LhhLyBx,8
41cae190-a239-4631-93f2-6a9e348bbed4,qFYgb bbBtQ,JYuqlsL,7
2c69a076-bd7b-4a82-a138-663dba42dcda,cUNEl xmLCk,OxHpRji,4
11d9609f-657f-4d95-8ab6-d2a6157755c9,BmXiq vXwpl,OzBjibK,5
80f982b1-f843-40cc-83d8-f77836ed4cf4,iKyWq gxeRP,JtVJhCZ,6
a851b49a-a16b-465b-a089-cda04434ec21,CnapK GWUKT,ghrGWZm,8
37391e9d-180a-4b23-8284-2804dc3fc959,Taveo uNXqq,adkmNIt,1
a5d99e5c-fbc6-4f23-88bc-ea8b1c2e324f,NJIAr lGFgX,HrYtUZD,7
c09a9a72-799d-4471-90e9-0d2cfefa7252,vfunG sGetg,islHjPR,6
a9d4bd90-02d5-4975-910b-87797fd54016,eSxME dsNLQ,RhlxOkA,2
199e2e83-8dd3-4e19-b5d7-44193aaa91c2,VcCQH VxuEF,uFVYxOJ,1
00c1c7cd-b6d3-424d-8101-84f41c65f9ea,GbFpQ GwLGq,gSIMfXu,3
d4719612-4a1e-4f6a-a7f7-243269d1c04b,Efrij CUVjt,ELzWOWP,3
d0c178c0-525d-4ca8-94eb-bbe3402bfe4f,xtDZt cCfWa,snhuUEI,3
11ee05dc-960a-47cd-b9e2-236bbf4e3658,CfMFp gYwRM,UlRiCoV,3
b09ecc98-cf05-45fa-8631-4812b65509b6,Ovlxp SgvBv,IsMmvcj,9
fce65eea-6c37-4200-86e2-cde21a0c0020,UGaeN QBFoo,CVFNGMU,4
c68b39d9-3921-42ad-be90-76b44aa35082,wzWen VWsDB,zSItxTh,7
dd27e42b-cbe4-4f68-8f96-3e2ad3454b9e,IuscL zOhCl,zYUtyft,3
85dd5a0e-f84f-4f16-90bc-fb4ebd451179,hNlzz TYLCh,nezHnat,2
2b5890fa-0bb5-4f05-8110-be0158e65fc7,OWOol iqnWg,zbiSXJl,3
05bbe003-54da-4e50-a9b4-13331d49a85b,KlVrX NEILX,QbjRGvI,7
27902eda-d0ac-4e4a-a74b-dc4094f9f433,RPZvR HyYLL,flERQpa,3
223dfebc-d286-40a2-b123-af6fcb64b848,YpJNp VGpUr,OMhkVSH,4
05d286ac-5371-4567-b029-233e4add6aca,cSszR OIBvC,XvoenLI,8
ccf17d20-0056-4dfa-98be-4fadc5abee36,VNCkC YFtfx,ZyFhmrB,9
69818b26-e632-49ca-ae7c-a52b1b907252,jsZdR ErFyl,Exztgfw,0
3cca39fb-5653-4d48-956d-2ab015038945,gjbFR FeuEJ,NmHYtaK,1
4018be5b-6ed2-4915-a32a-6376137abaa0,DuECQ xHhRQ,pCTVxym,7
94d6613e-552b-45b7-b90a-9ca0271e8a2b,sATcZ euwxg,GgkQXsX,0
dea8bec1-3472-499a-939c-1ebc7b4acdaf,JxbdH TulyD,MmXYwLF,4
56ef9a03-69fe-4845-ab6b-e6ba857425d0,LXaMh SauZD,NApETjS,8
b9c488d4-10a2-4475-a051-b9f8dfef41cb,EOyky WCLCl,LTwViBP,5
97568d7c-acbc-4787-92b2-787d2af1f647,ekOKn zUpGV,xXvPwqp,9
a233386b-8009-47f9-8e64-a0b4013241b2,uhrIU ArJRK,KBZFdwo,4
9b0ac9f2-a468-4cbd-bcaa-88d2c18ba791,TfxAc ANEKn,xCQKTSB,1
9f6bf760-91cd-45de-956e-13ad02d763e0,jVZoh RRMSY,mWIRbCX,1
3048804d-aa2a-4da5-843f-21002a888d40,HkvfR XYiVB,ectkWHO,7
117ac0a6-7032-472a-b6b2-858a6b0cbb54,YKJLp KNcdy,PNEFlNK,2
aa6c7f8f-b874-4d6a-ad47-3196663e8053,DUZnu HDRMA,FdXWaPQ,8
fe6a4df8-17c0-4627-a3e1-5062b6308815,uYZEN TFAQj,xpIynvy,9
16a3edbc-eb0c-4c92-8191-e340dfd0e9e8,PEMXT YXSdg,JlDFUro,4
f4c2f349-ce8f-4a78-b425-cad3058e245d,HYqDf unqSl,HmEpcQa,0
91dfa021-2782-4107-9801-594c64339196,iIEzf Euzfr,aIDcgUW,5
ce576701-7ab1-409b-8d6f-c91d93e92fe7,hTknM noRtz,IWbBbeF,1
36978d29-f33a-4321-9a45-6ce432f4af8f,vKlEq QPJJR,BvMsdqi,8
c95ab32d-dc0e-4c7c-99e5-108a5bec1143,oiWEc bYLBs,HxhLVmp,7
9bace1fe-41f8-402e-87d4-250d08c6ffb4,QPVIl geHoL,VGiJvRo,3
2156324b-2bd2-4fd5-b144-b2c31dd8a5a7,OuEhx vKarw,WGEJwSA,4
065e9bf2-7b74-436c-a117-f9f543bc399d,tHBki oIuFU,EESsBNp,9
91530e7e-8764-449b-a863-676499bb8b79,KsoXT SomKz,kPqmnLi,0
f118499e-c970-4674-85f0-e73aca9e048a,tqqyO YRELp,FGXDqHj,8
2325a948-7bb1-44c9-a4dd-59a118e5f389,LlXUW zllCl,reaIPPP,6
6625ffa8-6f5c-4e9a-8036-f593f05eacbb,kDXzC bOcAJ,dsDQSIC,7
7476f11a-374b-4376-ade7-910ca07993ae,bhFRr utdfY,mUmTVeo,0
5a13062a-4392-4bce-82c8-ab61fc605eef,LhFKO fPBGk,fiaQdcg,5
76ecee68-229b-40ab-9a02-ac7ba938d35e,PRvIh VRHfB,AcNBkWC,8
807e6483-2a43-478c-bef9-4655ece6631f,MFnpn bxkDF,GdNukhK,6
40868540-80a9-44b5-b4f3-67392b0fc40f,TFggR rdiUn,DSOimHg,3
65cafead-23c1-44a6-a746-2b029bc98f94,ifxRc YkSTz,KsqZOKC,0
a9b938d4-74ee-4f44-9d31-544638e80a57,yVOgG nKQbH,UmxtADf,6
2b3be27f-cc91-42d8-b2f6-345a1f7ebb4d,RRatN jSWuz,ziiDjWS,3
8ca6bd5a-e6c3-4e9b-a26d-7fce0d22cad2,kOxbF SdXMi,eRbyjTI,3
69eef4e3-eee1-4e68-9655-0edc05896a6b,ZqMMO LNiJJ,IWNCZgL,3
bcf0adde-a2cd-4dc8-8028-1bd13c43393c,vuqCs osphG,tPnBEHC,6
0cbca531-7097-42fd-9cbd-969b8ef16a28,phUHp IQLuK,OzhlZrl,7
ebef06be-8946-4f47-97ef-cc87236c0ce6,TIAgX VpyuQ,qdLhdOL,0
25fe11cb-2709-420f-9f9e-1076f9e9a8f9,oWRud FNewW,YWFRXhq,7
eff691e1-f982-46b8-802f-9556cacb440f,eFlUP halzG,gijcyGj,5
8739ecb1-726a-40fc-b0dd-83bfa4911ba2,rosdB TVndG,QTqOYLK,9
b0066645-008b-4bcb-b197-3ec1f5455cf7,jtORX XDLZP,mixtjKl,9
3a41942f-b386-49ba-ac57-ccba795e4974,GaAvX yrPez,VdUGGDM,7
048bff7d-2448-4710-b798-bee15496f3f7,YqAPC HOEmF,cbKBRoa,3
82b039d7-2330-47c7-8770-8d605ce7c935,UudnJ mhpak,nCMrMAC,8
95d73722-79e0-4564-972e-d2a46422f167,yPFKv jJdSG,XFrZHTd,7
b3ed72c6-cf74-49b1-aa62-776cc48309be,GwwJO LfPAG,QmAmeFB,5
1463f0e3-9bf4-4c94-9358-b4e71474cd51,lkBeC KlizE,EwivxXG,6
5dffcf6f-41e2-4c54-b859-8d5254c9c38c,vvAaB ERACS,YUULAfj,6
190c6878-01cf-4fcf-b648-f2ff05402a2c,YqVGq gJsIQ,pzvZByA,4
58693a19-4108-42b4-8648-fe6c88285d61,AGHFs pmmwg,DAVpinP,3
8051707c-6558-4412-8879-ca0718729746,ujVyb Sanih,OVzrXCX,7
4b7ced44-4cf2-4f00-bcdf-374923aedc59,cCpAO QejyT,BzjEJJh,2
f355f180-67a6-4713-9bb9-5c700546f797,IWKSh ukKON,JpkVyqW,4
eeeac0a8-bb65-49f8-94ab-daf37a22da7a,gztir lSfJZ,CEeHfyp,7
a4380f77-dedf-4fd0-bb52-7296d94cf2bc,BGPeZ kdTYq,aCSjdtv,4
57fcc7f8-5da0-4566-bc37-611c0d77168b,sMFOc fhlmt,FRmHsge,5
61e353a5-6f51-4404-916d-5fc4c73cd467,RmBYO njskF,QhPKGYP,8
ee2bfe46-4556-45ca-bb2b-e81b87c2471c,frnMP KgSqY,hEgBVIh,9
3d56e613-5fdc-4d94-b178-82647beb36e8,KEnFX Zalha,tZjvwMA,0
7a4bc49d-57d0-47a5-ba86-affe77fb03f4,MTPXA yZuGG,LyJpvuR,0
06fcf277-0a11-4859-ac5f-3fe59becc2e0,CLJSJ GVZRZ,AqrmbmO,0
a6624181-3e5e-4cd6-a274-5af333585728,dNMUi YTVeZ,nscTpCP,3
fc82b46a-f45d-4f5d-8a89-978e6653b24f,wParS VeJNc,kTSasSA,5
190c1aa9-f186-4cb1-875e-0d9e9dbc4748,hSloI ugprc,NIShZOg,8
bb7bcb3a-dca5-471c-ba9f-f31367035c9d,BSShd uKxYP,zkjdjsW,3
36cc59e3-fe0f-4f76-8c57-c42cc5be5dae,plJhz HAufk,cHZShNG,3
fcfd792f-5896-47a1-83ee-85994ff9308b,FbhZJ qYnze,vNJiLDf,8
68f7abf1-eaf0-42da-82de-2b35d71c1062,RacDV VXVfQ,jdyTVrb,3
4b282e74-711a-48e9-b133-8a24899e0801,SFquQ TKyEd,LovGjFk,5
cc6f71da-be82-43f7-b9d9-439cf91e063d,JvcRm riCxN,gJAxYUC,4
044f9945-cad5-4fb2-b5a4-4a8187281505,ihOsV EEDFj,svakbOg,5
a75ca063-d346-459b-96b8-d76e4aff45d1,xOMbs mVUnn,PBXsAfW,5
ceb16113-9caa-41ba-9030-0ccaa51ff5e0,FFOjk grxer,QqLBhWD,9
9ae7dde6-63ea-480d-8481-22ab6640b1ac,mXAjC vZRsr,IVZRJSc,7
2638d4fd-2a22-47ec-a6a6-39b42b091d41,eXqvY QXrlI,jsmqhWE,7
79ee62f6-b241-4b75-8cc1-57f1cba81610,dsYTP AcAlX,uzBRrgL,8
341ec2f5-fac6-46b7-82ef-136dc65deb32,lxRfq HLfqL,YZXaHCx,3
d6a04db7-0ebc-4ad1-b0c7-16498253862d,MxJXf OYBQE,zGMPNOz,2
1bdcb570-90da-425a-962c-7582163574a8,eYSkw BuyQH,JZsNtiH,3
c80a0786-5795-4751-84c7-c6530ca3fc58,rckha oORqs,qXlCPQm,3
ffe0e6ec-003a-4e4c-a453-35dcf35984f0,NXbHA ecCwv,ABQQgqU,2
a593b117-4e32-4176-9a9d-76540a72dfd1,PiFiC XxARa,bRrWOcL,1
5ff236be-51ef-46bf-b7f6-4181151ddd50,KCODf dugAq,uMugxUw,6
760ee01f-6a70-4b7a-8b65-11371ac61614,whiXv veBIY,TnvhfMj,3
df73d255-538b-4321-961c-f1a745c39c7e,pfyHV PdOVC,bTGnfAn,7
306286d8-2482-4838-9c0a-c0c236dc4b5c,ndZSV DNSai,aFXNOEA,4
b0ba631d-74c3-4873-b72e-f841d6eb6181,nuFjN YohIu,xrjjWRV,5
62828447-c898-4b1a-8cf4-743aa6e6e4aa,iGChB WvNea,pAfSKwB,2
ff038836-18e6-4ffc-9b88-981b21d2b18c,YQqwz wuPMv,dGFAcuk,3
c939e796-b5b1-4c03-9859-963497bd4e8a,MMVKx GGWUI,woNotZQ,8
0e45d66a-2a33-4aeb-b78e-3b8f653783cf,bTGBM gTepq,PrTFcjk,3
703d9b99-d8e9-4176-9535-ead390ef7763,Fbpcn qMdhU,IGlOMdR,5
afc80160-884c-41ce-b356-5c7f2ff12511,Jsvhj oTdCY,aDkebEn,8
381b31ab-dfcc-47d1-ad4a-c5d19a449553,nNAnx vfCoZ,xFZHwMQ,7
41b05526-54ac-479f-8469-ef7a136ee8f1,VlUfv pNFFY,PnBrkHY,5
11064b14-25ff-4c6a-9dcc-580b955dc96d,Ysevb HBhJW,GHYmACQ,0
6fd94927-0e4c-4779-a8b6-2e9ff0f93644,iQLQd LDCCQ,UHqPBUl,1
bd69da83-98d7-4ae5-acad-0cb96980266b,RoYRT XRWff,jkcUKBX,1
9b7208b9-18cf-465b-805f-6934756ce104,dtxVU IOjTO,XyqsNAT,8
edda62ee-9d2d-4337-9d2e-788b20463a7b,RWYrM SZBuf,nViWobn,9
523cfd57-36b9-4a1c-9579-14a3d66b5deb,MzibJ MOpkB,CVyBzUi,7
433b0f55-0717-4614-b4cb-426b4c5685f4,QTKdX Tppbu,fysWDZL,2
7a829cf9-53ab-4588-afae-654968245111,igJOn RfPec,RlBJyzn,1
5dc5b418-66f5-4588-a886-dddf9759c319,dIJgb xuEMJ,iXKtZNS,0
da9f81c1-fd4a-4d80-97d9-68f6aa2f1dcd,Rrgso XSIQo,FamOrvB,3
0f4f8ab3-6575-4c78-ad9c-22c247fdb259,GJQLA HDPRO,zVIfPNg,4
e8b59736-c9d2-42df-a82d-cec7126203dd,idBxi LtLnR,iFdixVw,5
6bcfc58a-9ba8-40de-ab3f-ae28181fc931,tSqjk NaCjy,DVykcYb,1
e45b5287-af75-42cc-972b-7d0e817becd0,LrhDd onkXC,dkoJsbc,0
45d32162-edc4-4d2c-ba24-32017ee76913,wbmwN XGHcj,yVlYuts,5
37d56d80-e629-4b7e-8d2f-d2d805ed8b26,LHtqh DYtHe,ZLnCLXM,2
30e0b1b5-bd1f-4af6-8e6a-694c6c3a0424,tBdGo kckWY,ZnGjBjb,0
e543841e-410e-4aba-a328-bc9a0d8d5ace,MdCVM IeDuI,oCcCaUW,2
7ef9fdca-93c7-40d7-ad11-60c3515f7053,yCdRJ TjlUM,hVuGzzX,6
32324eb5-5d1f-4877-9214-37f2c2434e39,MbPLC XHsjg,atcerDT,2
6260cca0-7eee-4df5-b3a2-d369ed560a27,hkNuy HxpFL,sZUZBon,0
afb85ea0-a16a-46d3-8075-df3d8cc72449,eMXqj JcQbs,npZUnKv,3
fc509495-9d07-433c-81ae-2ce946c80336,PgCfE ltCvD,lijzrCP,2
ed2799a7-7077-4d3c-9afc-85ce8786e2f9,hUkZS bemPu,BGzjOGs,4
56759e54-5b90-472d-95cf-1a052678e2ff,fJnPE flLej,Evcitoy,6
593f8ab5-1691-453e-b2e3-a2a998d79843,obeaz gEouq,nEGhQtc,5
8fbcc897-6e5d-416c-9e5d-a4b1d5e330ad,xnRUF KThya,tZpRgiX,4
e1e69778-161c-4b3b-9fdb-61f79b66af82,jGmVC feGRj,hNJMJEq,5
f86977f0-1e92-4f38-8b64-9972f9e5525f,XsJFV RZCec,WWQLSHt,6
74792d86-9bff-40f0-8c23-7eec8bc40e44,CSXCM jDGrF,lZejcry,3
78e64b6a-9f22-4cdd-b17d-322686529299,EukPq skPWs,IhBvqJI,8
89980c00-7138-4125-b94d-aa1315cdf59b,frGnS orqja,rzRSPZY,0
586a4082-a661-49f7-acdf-922a4c8e9c06,rTSCD juRro,uNRfTIW,1
01b0d8fb-9654-426f-9751-8a8a37a3c373,HKUtv YxMnu,dJbZpWq,0
ae663520-db5f-4f8e-a6c3-5f6397615223,coeyu JNtFb,MyVAgGa,4
40eb2a11-8db1-454b-bd96-8343aa46ed8c,liNYR xznwJ,rgGKFGN,7
8ab76a46-3656-4116-809f-12184068c9b4,CMWqn GOReI,MqAllQz,7
41694ccd-adc3-43e1-92d2-4d362366a82b,nDnLi GYdTN,yRAzfQL,8
0211aa6b-5d58-45a1-b082-9b9dbaffbda8,sAdin pbjqf,VohaljL,7
0cbf733d-0d80-44d7-bf55-57cdf7b8b71f,SQWIS UsadE,jnuovRp,0
ec3f11f8-e670-4c0b-9b28-caf2192858b0,vOfeU lCLEe,datExLS,2
8528d1ab-2af6-4968-8913-7831ee15bfc0,AAwWo QbhJX,WwTVcxx,2
44f0b605-8d2c-47d8-9446-8e6ef41dfaf2,ItbDl cXjyB,GJIqOCN,4
6363740c-5b2e-4c53-ba39-514053bc7961,XzMzA fnIRD,ivRKTUT,7
8dfce792-91a3-41eb-b27c-e4f8a3f6824e,kXnem JgWGI,OAPyMRH,9
ab5b59a3-2cb9-45bd-bc11-37c47d3e2936,gYIro ZXIUe,xPVcdNS,6
29cd7393-4f69-48b9-81df-9bac047cadea,boRWh mnhLI,xKVQAKM,6
686dcee0-42db-4dc5-bcc5-526c40afcec9,wtEUJ aKTzo,exFRKQe,9
579599a9-7190-4204-a4a5-b245f60ea39c,qfbgJ ujmht,CyOXfUH,0
2c71f423-4489-413a-9073-2c49caeabd86,aRxLQ KXYhe,UHKgLeB,9
37b3f72d-38ab-418c-9f88-2eb7c3ce8494,ZOzxW irvtJ,URuuXOW,2
a941050a-c402-428a-b63f-811d834d9140,TdUHk oRyjt,HfpZNwm,9
47371643-e4f5-4477-ba83-9fdb6647152e,jurhl aXQVp,yPIHBrc,1
d097c12c-0802-48ca-bc40-51cc72fd1df4,FLsRY UsZTj,duzhKrL,7
e7f3a88d-1114-4748-b6a7-818d17fa97cc,QnrEj vKIED,DeTdJzi,1
9057ee20-e19d-4418-9d8b-ff06cfef33ff,bZSWc zzMMY,Niuvchq,4
2f3fe220-ce44-49b0-9697-0b3e2e899439,MBLHd XmQLK,MXHOyXL,0
fa157754-3844-4f53-aa01-09c1871869fa,ckcEQ RJZaO,oDAPZLO,7
2e0dcebc-2068-46dd-bb00-bd07f39ef07a,XGmjL wRtVs,FdNoUTp,2
0af084bf-9195-4a25-bb0e-2574aeaa1390,uxKUp wtXlh,PgjZMme,6
4ec42c5c-07dd-4b9b-979c-30ba3c4be0d3,wNdsY HBGZv,GSxSeww,0
f63b7484-5912-44d3-bc04-dd25f4e760bd,wXRrW wxFuJ,RSipbRX,9
655a743f-031e-4e6c-a78f-a0445d0fb23b,zPvgL LpxnR,rVKDiSm,2
685b6398-b021-40ca-b684-69c8ced21d6a,SYPTB mLpTd,LbaBmxL,2
c7528005-3c42-4580-b728-0ea88c089c16,EnIZR ikkfA,rOFboZU,9
38410bef-9f11-472a-9492-4f23612a82ef,ZoquV ewPnP,ZUacjFw,7
0944fd00-e3d1-4b5d-adaa-d39fb46d8181,ekOiw KOPLR,NGUxqhR,3
fb6913d1-0f97-41ff-87dc-e5150b1e55b0,onabn hEpXb,OZozHAe,4
7c5f0f1a-fd12-4e88-88bd-efc3f08b6c68,EZnXw fPTss,XrYnbsy,3
965631ee-ffdf-445e-a1cd-ea0bbcb65344,AsllO YCPzz,WZmkskV,0
9deb2b90-76a8-4c29-a5ad-3706b986dbe9,kxzHg pCeBx,bdDNHMG,2
4fbcd7e8-5f4d-41cb-a601-fa091f327da9,izrNv NklbM,EpWwIZB,2
695a5927-c84e-407b-a5b1-57a5a9796572,OuqaA mVglF,qQAQkln,1
d3395af8-318e-42fe-b3a4-09ea1daa98ca,eUqPs dESoH,TyyNyVq,3
370a6248-2562-4f15-b59f-4e8593695cc3,bohDP YyszU,xGkWWZi,6
7515a7d8-d6b5-4bed-9c29-8f1be6252c69,BoZYH jijGm,fNhxPrV,8
c0ada447-2291-4c7d-8464-f672e7cc63c6,NGYGD tzggH,gILXKdC,6
81e794ee-e782-4415-ae27-d132f17b6ef8,ZucuH XIsKk,CaPRFLE,5
20d23cf6-f1d3-4525-93b7-4c1bd9218f73,tpWoS PVNir,uDTcFEa,1
d1d67a4b-7029-4d66-abfe-d3e41d30421c,vpogW PbDVc,KfbLyHr,1
8c35b7ad-86ad-4523-9adf-bd11bb758630,KtadX FYVcI,GjrniyW,7
5d347cf1-a04d-4835-a571-3f34a96af8c5,NTugL jIvVg,AdRHNaN,2
76a40ee4-b4cc-49e1-8551-4f5f44a75192,YGJiy RLekK,pnqCCgv,7
d987de6b-82ac-40cf-a206-8cc92a51d547,ZiIwv AwOXe,yBynnqz,1
2da66b20-af63-487c-ae59-857199025554,iUwih RGmlu,QZutupe,0
6f6bad63-a043-427c-b231-6a01fc186d2a,OYqSF rMvAj,dwcjgqM,7
5a940750-8e35-470d-90a5-60a2bfb8fd8c,iJlAZ mUxJe,alPYBjb,6
26550d4b-5d75-4e30-8990-83f482292f56,iFxih MWwdl,MuCHFxX,0
bc71bbd6-b4d9-49ac-98a8-3ef5ac1422ae,AIYoI dBVTA,EkBKWGh,8
0a91388f-569f-4d81-82ee-11fc4c4805d8,CGgpC WhnLo,ONUnZDT,4
1fbc3c49-0a8c-4709-83d3-ce044877b9a4,zMYjW ArsQw,EeBfhXy,8
6683e5df-2518-4d18-b6b1-7f5ad2c92adb,xZYYX LvjLD,ricHIVw,8
731ff226-acea-4783-8784-caec0704fb09,rHkYq sIlVe,CVAtTBA,8
89c4dce8-dff6-4556-b48a-ac7ecfa0e57e,aHhEF EVzzL,NflnGIG,0
6f6ad8ff-83a6-4741-a5f2-8a302c864325,eLLqv IlGNu,NcIjXiQ,3
1b0a3853-aef8-4ca0-a3ce-dc5a29fe2271,KZydV NLjvF,VDGFYyf,1
