user_id,name,address,phone_number,email
user1,name1,address1,email1@email.com
user2,name2,address2,email2@email.com
user3,name3,address3,email3@email.com
user4,name4,address4,email4@email.com
user5,name5,address5,email5@email.com
user6,name6,address6,email6@email.com
user7,name7,address7,email7@email.com
user8,name8,address8,email8@email.com
user9,name9,address9,email9@email.com
user10,name10,address10,email10@email.com
user11,name11,address11,email11@email.com
user12,name12,address12,email12@email.com
user13,name13,address13,email13@email.com
user14,name14,address14,email14@email.com
user15,name15,address15,email15@email.com
user16,name16,address16,email16@email.com
user17,name17,address17,email17@email.com
user18,name18,address18,email18@email.com
user19,name19,address19,email19@email.com
user20,name20,address20,email20@email.com
user21,name21,address21,email21@email.com
user22,name22,address22,email22@email.com
user23,name23,address23,email23@email.com
user24,name24,address24,email24@email.com
user25,name25,address25,email25@email.com
user26,name26,address26,email26@email.com
user27,name27,address27,email27@email.com
user28,name28,address28,email28@email.com
user29,name29,address29,email29@email.com
user30,name30,address30,email30@email.com
user31,name31,address31,email31@email.com
user32,name32,address32,email32@email.com
user33,name33,address33,email33@email.com
user34,name34,address34,email34@email.com
user35,name35,address35,email35@email.com
user36,name36,address36,email36@email.com
user37,name37,address37,email37@email.com
user38,name38,address38,email38@email.com
user39,name39,address39,email39@email.com
user40,name40,address40,email40@email.com
user41,name41,address41,email41@email.com
user42,name42,address42,email42@email.com
user43,name43,address43,email43@email.com
user44,name44,address44,email44@email.com
user45,name45,address45,email45@email.com
user46,name46,address46,email46@email.com
user47,name47,address47,email47@email.com
user48,name48,address48,email48@email.com
user49,name49,address49,email49@email.com
user50,name50,address50,email50@email.com
user51,name51,address51,email51@email.com
user52,name52,address52,email52@email.com
user53,name53,address53,email53@email.com
user54,name54,address54,email54@email.com
user55,name55,address55,email55@email.com
user56,name56,address56,email56@email.com
user57,name57,address57,email57@email.com
user58,name58,address58,email58@email.com
user59,name59,address59,email59@email.com
user60,name60,address60,email60@email.com
user61,name61,address61,email61@email.com
user62,name62,address62,email62@email.com
user63,name63,address63,email63@email.com
user64,name64,address64,email64@email.com
user65,name65,address65,email65@email.com
user66,name66,address66,email66@email.com
user67,name67,address67,email67@email.com
user68,name68,address68,email68@email.com
user69,name69,address69,email69@email.com
user70,name70,address70,email70@email.com
user71,name71,address71,email71@email.com
user72,name72,address72,email72@email.com
user73,name73,address73,email73@email.com
user74,name74,address74,email74@email.com
user75,name75,address75,email75@email.com
user76,name76,address76,email76@email.com
user77,name77,address77,email77@email.com
user78,name78,address78,email78@email.com
user79,name79,address79,email79@email.com
user80,name80,address80,email80@email.com
user81,name81,address81,email81@email.com
user82,name82,address82,email82@email.com
user83,name83,address83,email83@email.com
user84,name84,address84,email84@email.com
user85,name85,address85,email85@email.com
user86,name86,address86,email86@email.com
user87,name87,address87,email87@email.com
user88,name88,address88,email88@email.com
user89,name89,address89,email89@email.com
user90,name90,address90,email90@email.com
user91,name91,address91,email91@email.com
user92,name92,address92,email92@email.com
user93,name93,address93,email93@email.com
user94,name94,address94,email94@email.com
user95,name95,address95,email95@email.com
user96,name96,address96,email96@email.com
user97,name97,address97,email97@email.com
user98,name98,address98,email98@email.com
user99,name99,address99,email99@email.com
user100,name100,address100,email100@email.com
user101,name101,address101,email101@email.com
user102,name102,address102,email102@email.com
user103,name103,address103,email103@email.com
user104,name104,address104,email104@email.com
user105,name105,address105,email105@email.com
user106,name106,address106,email106@email.com
user107,name107,address107,email107@email.com
user108,name108,address108,email108@email.com
user109,name109,address109,email109@email.com
user110,name110,address110,email110@email.com
user111,name111,address111,email111@email.com
user112,name112,address112,email112@email.com
user113,name113,address113,email113@email.com
user114,name114,address114,email114@email.com
user115,name115,address115,email115@email.com
user116,name116,address116,email116@email.com
user117,name117,address117,email117@email.com
user118,name118,address118,email118@email.com
user119,name119,address119,email119@email.com
user120,name120,address120,email120@email.com
user121,name121,address121,email121@email.com
user122,name122,address122,email122@email.com
user123,name123,address123,email123@email.com
user124,name124,address124,email124@email.com
user125,name125,address125,email125@email.com
user126,name126,address126,email126@email.com
user127,name127,address127,email127@email.com
user128,name128,address128,email128@email.com
user129,name129,address129,email129@email.com
user130,name130,address130,email130@email.com
user131,name131,address131,email131@email.com
user132,name132,address132,email132@email.com
user133,name133,address133,email133@email.com
user134,name134,address134,email134@email.com
user135,name135,address135,email135@email.com
user136,name136,address136,email136@email.com
user137,name137,address137,email137@email.com
user138,name138,address138,email138@email.com
user139,name139,address139,email139@email.com
user140,name140,address140,email140@email.com
user141,name141,address141,email141@email.com
user142,name142,address142,email142@email.com
user143,name143,address143,email143@email.com
user144,name144,address144,email144@email.com
user145,name145,address145,email145@email.com
user146,name146,address146,email146@email.com
user147,name147,address147,email147@email.com
user148,name148,address148,email148@email.com
user149,name149,address149,email149@email.com
user150,name150,address150,email150@email.com
user151,name151,address151,email151@email.com
user152,name152,address152,email152@email.com
user153,name153,address153,email153@email.com
user154,name154,address154,email154@email.com
user155,name155,address155,email155@email.com
user156,name156,address156,email156@email.com
user157,name157,address157,email157@email.com
user158,name158,address158,email158@email.com
user159,name159,address159,email159@email.com
user160,name160,address160,email160@email.com
user161,name161,address161,email161@email.com
user162,name162,address162,email162@email.com
user163,name163,address163,email163@email.com
user164,name164,address164,email164@email.com
user165,name165,address165,email165@email.com
user166,name166,address166,email166@email.com
user167,name167,address167,email167@email.com
user168,name168,address168,email168@email.com
user169,name169,address169,email169@email.com
user170,name170,address170,email170@email.com
user171,name171,address171,email171@email.com
user172,name172,address172,email172@email.com
user173,name173,address173,email173@email.com
user174,name174,address174,email174@email.com
user175,name175,address175,email175@email.com
user176,name176,address176,email176@email.com
user177,name177,address177,email177@email.com
user178,name178,address178,email178@email.com
user179,name179,address179,email179@email.com
user180,name180,address180,email180@email.com
user181,name181,address181,email181@email.com
user182,name182,address182,email182@email.com
user183,name183,address183,email183@email.com
user184,name184,address184,email184@email.com
user185,name185,address185,email185@email.com
user186,name186,address186,email186@email.com
user187,name187,address187,email187@email.com
user188,name188,address188,email188@email.com
user189,name189,address189,email189@email.com
user190,name190,address190,email190@email.com
user191,name191,address191,email191@email.com
user192,name192,address192,email192@email.com
user193,name193,address193,email193@email.com
user194,name194,address194,email194@email.com
user195,name195,address195,email195@email.com
user196,name196,address196,email196@email.com
user197,name197,address197,email197@email.com
user198,name198,address198,email198@email.com
user199,name199,address199,email199@email.com
user200,name200,address200,email200@email.com
user201,name201,address201,email201@email.com
user202,name202,address202,email202@email.com
user203,name203,address203,email203@email.com
user204,name204,address204,email204@email.com
user205,name205,address205,email205@email.com
user206,name206,address206,email206@email.com
user207,name207,address207,email207@email.com
user208,name208,address208,email208@email.com
user209,name209,address209,email209@email.com
user210,name210,address210,email210@email.com
user211,name211,address211,email211@email.com
user212,name212,address212,email212@email.com
user213,name213,address213,email213@email.com
user214,name214,address214,email214@email.com
user215,name215,address215,email215@email.com
user216,name216,address216,email216@email.com
user217,name217,address217,email217@email.com
user218,name218,address218,email218@email.com
user219,name219,address219,email219@email.com
user220,name220,address220,email220@email.com
user221,name221,address221,email221@email.com
user222,name222,address222,email222@email.com
user223,name223,address223,email223@email.com
user224,name224,address224,email224@email.com
user225,name225,address225,email225@email.com
user226,name226,address226,email226@email.com
user227,name227,address227,email227@email.com
user228,name228,address228,email228@email.com
user229,name229,address229,email229@email.com
user230,name230,address230,email230@email.com
user231,name231,address231,email231@email.com
user232,name232,address232,email232@email.com
user233,name233,address233,email233@email.com
user234,name234,address234,email234@email.com
user235,name235,address235,email235@email.com
user236,name236,address236,email236@email.com
user237,name237,address237,email237@email.com
user238,name238,address238,email238@email.com
user239,name239,address239,email239@email.com
user240,name240,address240,email240@email.com
user241,name241,address241,email241@email.com
user242,name242,address242,email242@email.com
user243,name243,address243,email243@email.com
user244,name244,address244,email244@email.com
user245,name245,address245,email245@email.com
user246,name246,address246,email246@email.com
user247,name247,address247,email247@email.com
user248,name248,address248,email248@email.com
user249,name249,address249,email249@email.com
user250,name250,address250,email250@email.com
user251,name251,address251,email251@email.com
user252,name252,address252,email252@email.com
user253,name253,address253,email253@email.com
user254,name254,address254,email254@email.com
user255,name255,address255,email255@email.com
user256,name256,address256,email256@email.com
user257,name257,address257,email257@email.com
user258,name258,address258,email258@email.com
user259,name259,address259,email259@email.com
user260,name260,address260,email260@email.com
user261,name261,address261,email261@email.com
user262,name262,address262,email262@email.com
user263,name263,address263,email263@email.com
user264,name264,address264,email264@email.com
user265,name265,address265,email265@email.com
user266,name266,address266,email266@email.com
user267,name267,address267,email267@email.com
user268,name268,address268,email268@email.com
user269,name269,address269,email269@email.com
user270,name270,address270,email270@email.com
user271,name271,address271,email271@email.com
user272,name272,address272,email272@email.com
user273,name273,address273,email273@email.com
user274,name274,address274,email274@email.com
user275,name275,address275,email275@email.com
user276,name276,address276,email276@email.com
user277,name277,address277,email277@email.com
user278,name278,address278,email278@email.com
user279,name279,address279,email279@email.com
user280,name280,address280,email280@email.com
user281,name281,address281,email281@email.com
user282,name282,address282,email282@email.com
user283,name283,address283,email283@email.com
user284,name284,address284,email284@email.com
user285,name285,address285,email285@email.com
user286,name286,address286,email286@email.com
user287,name287,address287,email287@email.com
user288,name288,address288,email288@email.com
user289,name289,address289,email289@email.com
user290,name290,address290,email290@email.com
user291,name291,address291,email291@email.com
user292,name292,address292,email292@email.com
user293,name293,address293,email293@email.com
user294,name294,address294,email294@email.com
user295,name295,address295,email295@email.com
user296,name296,address296,email296@email.com
user297,name297,address297,email297@email.com
user298,name298,address298,email298@email.com
user299,name299,address299,email299@email.com
user300,name300,address300,email300@email.com
user301,name301,address301,email301@email.com
user302,name302,address302,email302@email.com
user303,name303,address303,email303@email.com
user304,name304,address304,email304@email.com
user305,name305,address305,email305@email.com
user306,name306,address306,email306@email.com
user307,name307,address307,email307@email.com
user308,name308,address308,email308@email.com
user309,name309,address309,email309@email.com
user310,name310,address310,email310@email.com
user311,name311,address311,email311@email.com
user312,name312,address312,email312@email.com
user313,name313,address313,email313@email.com
user314,name314,address314,email314@email.com
user315,name315,address315,email315@email.com
user316,name316,address316,email316@email.com
user317,name317,address317,email317@email.com
user318,name318,address318,email318@email.com
user319,name319,address319,email319@email.com
user320,name320,address320,email320@email.com
user321,name321,address321,email321@email.com
user322,name322,address322,email322@email.com
user323,name323,address323,email323@email.com
user324,name324,address324,email324@email.com
user325,name325,address325,email325@email.com
user326,name326,address326,email326@email.com
user327,name327,address327,email327@email.com
user328,name328,address328,email328@email.com
user329,name329,address329,email329@email.com
user330,name330,address330,email330@email.com
user331,name331,address331,email331@email.com
user332,name332,address332,email332@email.com
user333,name333,address333,email333@email.com
user334,name334,address334,email334@email.com
user335,name335,address335,email335@email.com
user336,name336,address336,email336@email.com
user337,name337,address337,email337@email.com
user338,name338,address338,email338@email.com
user339,name339,address339,email339@email.com
user340,name340,address340,email340@email.com
user341,name341,address341,email341@email.com
user342,name342,address342,email342@email.com
user343,name343,address343,email343@email.com
user344,name344,address344,email344@email.com
user345,name345,address345,email345@email.com
user346,name346,address346,email346@email.com
user347,name347,address347,email347@email.com
user348,name348,address348,email348@email.com
user349,name349,address349,email349@email.com
user350,name350,address350,email350@email.com
user351,name351,address351,email351@email.com
user352,name352,address352,email352@email.com
user353,name353,address353,email353@email.com
user354,name354,address354,email354@email.com
user355,name355,address355,email355@email.com
user356,name356,address356,email356@email.com
user357,name357,address357,email357@email.com
user358,name358,address358,email358@email.com
user359,name359,address359,email359@email.com
user360,name360,address360,email360@email.com
user361,name361,address361,email361@email.com
user362,name362,address362,email362@email.com
user363,name363,address363,email363@email.com
user364,name364,address364,email364@email.com
user365,name365,address365,email365@email.com
user366,name366,address366,email366@email.com
user367,name367,address367,email367@email.com
user368,name368,address368,email368@email.com
user369,name369,address369,email369@email.com
user370,name370,address370,email370@email.com
user371,name371,address371,email371@email.com
user372,name372,address372,email372@email.com
user373,name373,address373,email373@email.com
user374,name374,address374,email374@email.com
user375,name375,address375,email375@email.com
user376,name376,address376,email376@email.com
user377,name377,address377,email377@email.com
user378,name378,address378,email378@email.com
user379,name379,address379,email379@email.com
user380,name380,address380,email380@email.com
user381,name381,address381,email381@email.com
user382,name382,address382,email382@email.com
user383,name383,address383,email383@email.com
user384,name384,address384,email384@email.com
user385,name385,address385,email385@email.com
user386,name386,address386,email386@email.com
user387,name387,address387,email387@email.com
user388,name388,address388,email388@email.com
user389,name389,address389,email389@email.com
user390,name390,address390,email390@email.com
user391,name391,address391,email391@email.com
user392,name392,address392,email392@email.com
user393,name393,address393,email393@email.com
user394,name394,address394,email394@email.com
user395,name395,address395,email395@email.com
user396,name396,address396,email396@email.com
user397,name397,address397,email397@email.com
user398,name398,address398,email398@email.com
user399,name399,address399,email399@email.com
user400,name400,address400,email400@email.com
user401,name401,address401,email401@email.com
user402,name402,address402,email402@email.com
user403,name403,address403,email403@email.com
user404,name404,address404,email404@email.com
user405,name405,address405,email405@email.com
user406,name406,address406,email406@email.com
user407,name407,address407,email407@email.com
user408,name408,address408,email408@email.com
user409,name409,address409,email409@email.com
user410,name410,address410,email410@email.com
user411,name411,address411,email411@email.com
user412,name412,address412,email412@email.com
user413,name413,address413,email413@email.com
user414,name414,address414,email414@email.com
user415,name415,address415,email415@email.com
user416,name416,address416,email416@email.com
user417,name417,address417,email417@email.com
user418,name418,address418,email418@email.com
user419,name419,address419,email419@email.com
user420,name420,address420,email420@email.com
user421,name421,address421,email421@email.com
user422,name422,address422,email422@email.com
user423,name423,address423,email423@email.com
user424,name424,address424,email424@email.com
user425,name425,address425,email425@email.com
user426,name426,address426,email426@email.com
user427,name427,address427,email427@email.com
user428,name428,address428,email428@email.com
user429,name429,address429,email429@email.com
user430,name430,address430,email430@email.com
user431,name431,address431,email431@email.com
user432,name432,address432,email432@email.com
user433,name433,address433,email433@email.com
user434,name434,address434,email434@email.com
user435,name435,address435,email435@email.com
user436,name436,address436,email436@email.com
user437,name437,address437,email437@email.com
user438,name438,address438,email438@email.com
user439,name439,address439,email439@email.com
user440,name440,address440,email440@email.com
user441,name441,address441,email441@email.com
user442,name442,address442,email442@email.com
user443,name443,address443,email443@email.com
user444,name444,address444,email444@email.com
user445,name445,address445,email445@email.com
user446,name446,address446,email446@email.com
user447,name447,address447,email447@email.com
user448,name448,address448,email448@email.com
user449,name449,address449,email449@email.com
user450,name450,address450,email450@email.com
user451,name451,address451,email451@email.com
user452,name452,address452,email452@email.com
user453,name453,address453,email453@email.com
user454,name454,address454,email454@email.com
user455,name455,address455,email455@email.com
user456,name456,address456,email456@email.com
user457,name457,address457,email457@email.com
user458,name458,address458,email458@email.com
user459,name459,address459,email459@email.com
user460,name460,address460,email460@email.com
user461,name461,address461,email461@email.com
user462,name462,address462,email462@email.com
user463,name463,address463,email463@email.com
user464,name464,address464,email464@email.com
user465,name465,address465,email465@email.com
user466,name466,address466,email466@email.com
user467,name467,address467,email467@email.com
user468,name468,address468,email468@email.com
user469,name469,address469,email469@email.com
user470,name470,address470,email470@email.com
user471,name471,address471,email471@email.com
user472,name472,address472,email472@email.com
user473,name473,address473,email473@email.com
user474,name474,address474,email474@email.com
user475,name475,address475,email475@email.com
user476,name476,address476,email476@email.com
user477,name477,address477,email477@email.com
user478,name478,address478,email478@email.com
user479,name479,address479,email479@email.com
user480,name480,address480,email480@email.com
user481,name481,address481,email481@email.com
user482,name482,address482,email482@email.com
user483,name483,address483,email483@email.com
user484,name484,address484,email484@email.com
user485,name485,address485,email485@email.com
user486,name486,address486,email486@email.com
user487,name487,address487,email487@email.com
user488,name488,address488,email488@email.com
user489,name489,address489,email489@email.com
user490,name490,address490,email490@email.com
user491,name491,address491,email491@email.com
user492,name492,address492,email492@email.com
user493,name493,address493,email493@email.com
user494,name494,address494,email494@email.com
user495,name495,address495,email495@email.com
user496,name496,address496,email496@email.com
user497,name497,address497,email497@email.com
user498,name498,address498,email498@email.com
user499,name499,address499,email499@email.com
user500,name500,address500,email500@email.com
user501,name501,address501,email501@email.com
user502,name502,address502,email502@email.com
user503,name503,address503,email503@email.com
user504,name504,address504,email504@email.com
user505,name505,address505,email505@email.com
user506,name506,address506,email506@email.com
user507,name507,address507,email507@email.com
user508,name508,address508,email508@email.com
user509,name509,address509,email509@email.com
user510,name510,address510,email510@email.com
user511,name511,address511,email511@email.com
user512,name512,address512,email512@email.com
user513,name513,address513,email513@email.com
user514,name514,address514,email514@email.com
user515,name515,address515,email515@email.com
user516,name516,address516,email516@email.com
user517,name517,address517,email517@email.com
user518,name518,address518,email518@email.com
user519,name519,address519,email519@email.com
user520,name520,address520,email520@email.com
user521,name521,address521,email521@email.com
user522,name522,address522,email522@email.com
user523,name523,address523,email523@email.com
user524,name524,address524,email524@email.com
user525,name525,address525,email525@email.com
user526,name526,address526,email526@email.com
user527,name527,address527,email527@email.com
user528,name528,address528,email528@email.com
user529,name529,address529,email529@email.com
user530,name530,address530,email530@email.com
user531,name531,address531,email531@email.com
user532,name532,address532,email532@email.com
user533,name533,address533,email533@email.com
user534,name534,address534,email534@email.com
user535,name535,address535,email535@email.com
user536,name536,address536,email536@email.com
user537,name537,address537,email537@email.com
user538,name538,address538,email538@email.com
user539,name539,address539,email539@email.com
user540,name540,address540,email540@email.com
user541,name541,address541,email541@email.com
user542,name542,address542,email542@email.com
user543,name543,address543,email543@email.com
user544,name544,address544,email544@email.com
user545,name545,address545,email545@email.com
user546,name546,address546,email546@email.com
user547,name547,address547,email547@email.com
user548,name548,address548,email548@email.com
user549,name549,address549,email549@email.com
user550,name550,address550,email550@email.com
user551,name551,address551,email551@email.com
user552,name552,address552,email552@email.com
user553,name553,address553,email553@email.com
user554,name554,address554,email554@email.com
user555,name555,address555,email555@email.com
user556,name556,address556,email556@email.com
user557,name557,address557,email557@email.com
user558,name558,address558,email558@email.com
user559,name559,address559,email559@email.com
user560,name560,address560,email560@email.com
user561,name561,address561,email561@email.com
user562,name562,address562,email562@email.com
user563,name563,address563,email563@email.com
user564,name564,address564,email564@email.com
user565,name565,address565,email565@email.com
user566,name566,address566,email566@email.com
user567,name567,address567,email567@email.com
user568,name568,address568,email568@email.com
user569,name569,address569,email569@email.com
user570,name570,address570,email570@email.com
user571,name571,address571,email571@email.com
user572,name572,address572,email572@email.com
user573,name573,address573,email573@email.com
user574,name574,address574,email574@email.com
user575,name575,address575,email575@email.com
user576,name576,address576,email576@email.com
user577,name577,address577,email577@email.com
user578,name578,address578,email578@email.com
user579,name579,address579,email579@email.com
user580,name580,address580,email580@email.com
user581,name581,address581,email581@email.com
user582,name582,address582,email582@email.com
user583,name583,address583,email583@email.com
user584,name584,address584,email584@email.com
user585,name585,address585,email585@email.com
user586,name586,address586,email586@email.com
user587,name587,address587,email587@email.com
user588,name588,address588,email588@email.com
user589,name589,address589,email589@email.com
user590,name590,address590,email590@email.com
user591,name591,address591,email591@email.com
user592,name592,address592,email592@email.com
user593,name593,address593,email593@email.com
user594,name594,address594,email594@email.com
user595,name595,address595,email595@email.com
user596,name596,address596,email596@email.com
user597,name597,address597,email597@email.com
user598,name598,address598,email598@email.com
user599,name599,address599,email599@email.com
user600,name600,address600,email600@email.com
user601,name601,address601,email601@email.com
user602,name602,address602,email602@email.com
user603,name603,address603,email603@email.com
user604,name604,address604,email604@email.com
user605,name605,address605,email605@email.com
user606,name606,address606,email606@email.com
user607,name607,address607,email607@email.com
user608,name608,address608,email608@email.com
user609,name609,address609,email609@email.com
user610,name610,address610,email610@email.com
user611,name611,address611,email611@email.com
user612,name612,address612,email612@email.com
user613,name613,address613,email613@email.com
user614,name614,address614,email614@email.com
user615,name615,address615,email615@email.com
user616,name616,address616,email616@email.com
user617,name617,address617,email617@email.com
user618,name618,address618,email618@email.com
user619,name619,address619,email619@email.com
user620,name620,address620,email620@email.com
user621,name621,address621,email621@email.com
user622,name622,address622,email622@email.com
user623,name623,address623,email623@email.com
user624,name624,address624,email624@email.com
user625,name625,address625,email625@email.com
user626,name626,address626,email626@email.com
user627,name627,address627,email627@email.com
user628,name628,address628,email628@email.com
user629,name629,address629,email629@email.com
user630,name630,address630,email630@email.com
user631,name631,address631,email631@email.com
user632,name632,address632,email632@email.com
user633,name633,address633,email633@email.com
user634,name634,address634,email634@email.com
user635,name635,address635,email635@email.com
user636,name636,address636,email636@email.com
user637,name637,address637,email637@email.com
user638,name638,address638,email638@email.com
user639,name639,address639,email639@email.com
user640,name640,address640,email640@email.com
user641,name641,address641,email641@email.com
user642,name642,address642,email642@email.com
user643,name643,address643,email643@email.com
user644,name644,address644,email644@email.com
user645,name645,address645,email645@email.com
user646,name646,address646,email646@email.com
user647,name647,address647,email647@email.com
user648,name648,address648,email648@email.com
user649,name649,address649,email649@email.com
user650,name650,address650,email650@email.com
user651,name651,address651,email651@email.com
user652,name652,address652,email652@email.com
user653,name653,address653,email653@email.com
user654,name654,address654,email654@email.com
user655,name655,address655,email655@email.com
user656,name656,address656,email656@email.com
user657,name657,address657,email657@email.com
user658,name658,address658,email658@email.com
user659,name659,address659,email659@email.com
user660,name660,address660,email660@email.com
user661,name661,address661,email661@email.com
user662,name662,address662,email662@email.com
user663,name663,address663,email663@email.com
user664,name664,address664,email664@email.com
user665,name665,address665,email665@email.com
user666,name666,address666,email666@email.com
user667,name667,address667,email667@email.com
user668,name668,address668,email668@email.com
user669,name669,address669,email669@email.com
user670,name670,address670,email670@email.com
user671,name671,address671,email671@email.com
user672,name672,address672,email672@email.com
user673,name673,address673,email673@email.com
user674,name674,address674,email674@email.com
user675,name675,address675,email675@email.com
user676,name676,address676,email676@email.com
user677,name677,address677,email677@email.com
user678,name678,address678,email678@email.com
user679,name679,address679,email679@email.com
user680,name680,address680,email680@email.com
user681,name681,address681,email681@email.com
user682,name682,address682,email682@email.com
user683,name683,address683,email683@email.com
user684,name684,address684,email684@email.com
user685,name685,address685,email685@email.com
user686,name686,address686,email686@email.com
user687,name687,address687,email687@email.com
user688,name688,address688,email688@email.com
user689,name689,address689,email689@email.com
user690,name690,address690,email690@email.com
user691,name691,address691,email691@email.com
user692,name692,address692,email692@email.com
user693,name693,address693,email693@email.com
user694,name694,address694,email694@email.com
user695,name695,address695,email695@email.com
user696,name696,address696,email696@email.com
user697,name697,address697,email697@email.com
user698,name698,address698,email698@email.com
user699,name699,address699,email699@email.com
user700,name700,address700,email700@email.com
user701,name701,address701,email701@email.com
user702,name702,address702,email702@email.com
user703,name703,address703,email703@email.com
user704,name704,address704,email704@email.com
user705,name705,address705,email705@email.com
user706,name706,address706,email706@email.com
user707,name707,address707,email707@email.com
user708,name708,address708,email708@email.com
user709,name709,address709,email709@email.com
user710,name710,address710,email710@email.com
user711,name711,address711,email711@email.com
user712,name712,address712,email712@email.com
user713,name713,address713,email713@email.com
user714,name714,address714,email714@email.com
user715,name715,address715,email715@email.com
user716,name716,address716,email716@email.com
user717,name717,address717,email717@email.com
user718,name718,address718,email718@email.com
user719,name719,address719,email719@email.com
user720,name720,address720,email720@email.com
user721,name721,address721,email721@email.com
user722,name722,address722,email722@email.com
user723,name723,address723,email723@email.com
user724,name724,address724,email724@email.com
user725,name725,address725,email725@email.com
user726,name726,address726,email726@email.com
user727,name727,address727,email727@email.com
user728,name728,address728,email728@email.com
user729,name729,address729,email729@email.com
user730,name730,address730,email730@email.com
user731,name731,address731,email731@email.com
user732,name732,address732,email732@email.com
user733,name733,address733,email733@email.com
user734,name734,address734,email734@email.com
user735,name735,address735,email735@email.com
user736,name736,address736,email736@email.com
user737,name737,address737,email737@email.com
user738,name738,address738,email738@email.com
user739,name739,address739,email739@email.com
user740,name740,address740,email740@email.com
user741,name741,address741,email741@email.com
user742,name742,address742,email742@email.com
user743,name743,address743,email743@email.com
user744,name744,address744,email744@email.com
user745,name745,address745,email745@email.com
user746,name746,address746,email746@email.com
user747,name747,address747,email747@email.com
user748,name748,address748,email748@email.com
user749,name749,address749,email749@email.com
user750,name750,address750,email750@email.com
user751,name751,address751,email751@email.com
user752,name752,address752,email752@email.com
user753,name753,address753,email753@email.com
user754,name754,address754,email754@email.com
user755,name755,address755,email755@email.com
user756,name756,address756,email756@email.com
user757,name757,address757,email757@email.com
user758,name758,address758,email758@email.com
user759,name759,address759,email759@email.com
user760,name760,address760,email760@email.com
user761,name761,address761,email761@email.com
user762,name762,address762,email762@email.com
user763,name763,address763,email763@email.com
user764,name764,address764,email764@email.com
user765,name765,address765,email765@email.com
user766,name766,address766,email766@email.com
user767,name767,address767,email767@email.com
user768,name768,address768,email768@email.com
user769,name769,address769,email769@email.com
user770,name770,address770,email770@email.com
user771,name771,address771,email771@email.com
user772,name772,address772,email772@email.com
user773,name773,address773,email773@email.com
user774,name774,address774,email774@email.com
user775,name775,address775,email775@email.com
user776,name776,address776,email776@email.com
user777,name777,address777,email777@email.com
user778,name778,address778,email778@email.com
user779,name779,address779,email779@email.com
user780,name780,address780,email780@email.com
user781,name781,address781,email781@email.com
user782,name782,address782,email782@email.com
user783,name783,address783,email783@email.com
user784,name784,address784,email784@email.com
user785,name785,address785,email785@email.com
user786,name786,address786,email786@email.com
user787,name787,address787,email787@email.com
user788,name788,address788,email788@email.com
user789,name789,address789,email789@email.com
user790,name790,address790,email790@email.com
user791,name791,address791,email791@email.com
user792,name792,address792,email792@email.com
user793,name793,address793,email793@email.com
user794,name794,address794,email794@email.com
user795,name795,address795,email795@email.com
user796,name796,address796,email796@email.com
user797,name797,address797,email797@email.com
user798,name798,address798,email798@email.com
user799,name799,address799,email799@email.com
user800,name800,address800,email800@email.com
user801,name801,address801,email801@email.com
user802,name802,address802,email802@email.com
user803,name803,address803,email803@email.com
user804,name804,address804,email804@email.com
user805,name805,address805,email805@email.com
user806,name806,address806,email806@email.com
user807,name807,address807,email807@email.com
user808,name808,address808,email808@email.com
user809,name809,address809,email809@email.com
user810,name810,address810,email810@email.com
user811,name811,address811,email811@email.com
user812,name812,address812,email812@email.com
user813,name813,address813,email813@email.com
user814,name814,address814,email814@email.com
user815,name815,address815,email815@email.com
user816,name816,address816,email816@email.com
user817,name817,address817,email817@email.com
user818,name818,address818,email818@email.com
user819,name819,address819,email819@email.com
user820,name820,address820,email820@email.com
user821,name821,address821,email821@email.com
user822,name822,address822,email822@email.com
user823,name823,address823,email823@email.com
user824,name824,address824,email824@email.com
user825,name825,address825,email825@email.com
user826,name826,address826,email826@email.com
user827,name827,address827,email827@email.com
user828,name828,address828,email828@email.com
user829,name829,address829,email829@email.com
user830,name830,address830,email830@email.com
user831,name831,address831,email831@email.com
user832,name832,address832,email832@email.com
user833,name833,address833,email833@email.com
user834,name834,address834,email834@email.com
user835,name835,address835,email835@email.com
user836,name836,address836,email836@email.com
user837,name837,address837,email837@email.com
user838,name838,address838,email838@email.com
user839,name839,address839,email839@email.com
user840,name840,address840,email840@email.com
user841,name841,address841,email841@email.com
user842,name842,address842,email842@email.com
user843,name843,address843,email843@email.com
user844,name844,address844,email844@email.com
user845,name845,address845,email845@email.com
user846,name846,address846,email846@email.com
user847,name847,address847,email847@email.com
user848,name848,address848,email848@email.com
user849,name849,address849,email849@email.com
user850,name850,address850,email850@email.com
user851,name851,address851,email851@email.com
user852,name852,address852,email852@email.com
user853,name853,address853,email853@email.com
user854,name854,address854,email854@email.com
user855,name855,address855,email855@email.com
user856,name856,address856,email856@email.com
user857,name857,address857,email857@email.com
user858,name858,address858,email858@email.com
user859,name859,address859,email859@email.com
user860,name860,address860,email860@email.com
user861,name861,address861,email861@email.com
user862,name862,address862,email862@email.com
user863,name863,address863,email863@email.com
user864,name864,address864,email864@email.com
user865,name865,address865,email865@email.com
user866,name866,address866,email866@email.com
user867,name867,address867,email867@email.com
user868,name868,address868,email868@email.com
user869,name869,address869,email869@email.com
user870,name870,address870,email870@email.com
user871,name871,address871,email871@email.com
user872,name872,address872,email872@email.com
user873,name873,address873,email873@email.com
user874,name874,address874,email874@email.com
user875,name875,address875,email875@email.com
user876,name876,address876,email876@email.com
user877,name877,address877,email877@email.com
user878,name878,address878,email878@email.com
user879,name879,address879,email879@email.com
user880,name880,address880,email880@email.com
user881,name881,address881,email881@email.com
user882,name882,address882,email882@email.com
user883,name883,address883,email883@email.com
user884,name884,address884,email884@email.com
user885,name885,address885,email885@email.com
user886,name886,address886,email886@email.com
user887,name887,address887,email887@email.com
user888,name888,address888,email888@email.com
user889,name889,address889,email889@email.com
user890,name890,address890,email890@email.com
user891,name891,address891,email891@email.com
user892,name892,address892,email892@email.com
user893,name893,address893,email893@email.com
user894,name894,address894,email894@email.com
user895,name895,address895,email895@email.com
user896,name896,address896,email896@email.com
user897,name897,address897,email897@email.com
user898,name898,address898,email898@email.com
user899,name899,address899,email899@email.com
user900,name900,address900,email900@email.com
user901,name901,address901,email901@email.com
user902,name902,address902,email902@email.com
user903,name903,address903,email903@email.com
user904,name904,address904,email904@email.com
user905,name905,address905,email905@email.com
user906,name906,address906,email906@email.com
user907,name907,address907,email907@email.com
user908,name908,address908,email908@email.com
user909,name909,address909,email909@email.com
user910,name910,address910,email910@email.com
user911,name911,address911,email911@email.com
user912,name912,address912,email912@email.com
user913,name913,address913,email913@email.com
user914,name914,address914,email914@email.com
user915,name915,address915,email915@email.com
user916,name916,address916,email916@email.com
user917,name917,address917,email917@email.com
user918,name918,address918,email918@email.com
user919,name919,address919,email919@email.com
user920,name920,address920,email920@email.com
user921,name921,address921,email921@email.com
user922,name922,address922,email922@email.com
user923,name923,address923,email923@email.com
user924,name924,address924,email924@email.com
user925,name925,address925,email925@email.com
user926,name926,address926,email926@email.com
user927,name927,address927,email927@email.com
user928,name928,address928,email928@email.com
user929,name929,address929,email929@email.com
user930,name930,address930,email930@email.com
user931,name931,address931,email931@email.com
user932,name932,address932,email932@email.com
user933,name933,address933,email933@email.com
user934,name934,address934,email934@email.com
user935,name935,address935,email935@email.com
user936,name936,address936,email936@email.com
user937,name937,address937,email937@email.com
user938,name938,address938,email938@email.com
user939,name939,address939,email939@email.com
user940,name940,address940,email940@email.com
user941,name941,address941,email941@email.com
user942,name942,address942,email942@email.com
user943,name943,address943,email943@email.com
user944,name944,address944,email944@email.com
user945,name945,address945,email945@email.com
user946,name946,address946,email946@email.com
user947,name947,address947,email947@email.com
user948,name948,address948,email948@email.com
user949,name949,address949,email949@email.com
user950,name950,address950,email950@email.com
user951,name951,address951,email951@email.com
user952,name952,address952,email952@email.com
user953,name953,address953,email953@email.com
user954,name954,address954,email954@email.com
user955,name955,address955,email955@email.com
user956,name956,address956,email956@email.com
user957,name957,address957,email957@email.com
user958,name958,address958,email958@email.com
user959,name959,address959,email959@email.com
user960,name960,address960,email960@email.com
user961,name961,address961,email961@email.com
user962,name962,address962,email962@email.com
user963,name963,address963,email963@email.com
user964,name964,address964,email964@email.com
user965,name965,address965,email965@email.com
user966,name966,address966,email966@email.com
user967,name967,address967,email967@email.com
user968,name968,address968,email968@email.com
user969,name969,address969,email969@email.com
user970,name970,address970,email970@email.com
user971,name971,address971,email971@email.com
user972,name972,address972,email972@email.com
user973,name973,address973,email973@email.com
user974,name974,address974,email974@email.com
user975,name975,address975,email975@email.com
user976,name976,address976,email976@email.com
user977,name977,address977,email977@email.com
user978,name978,address978,email978@email.com
user979,name979,address979,email979@email.com
user980,name980,address980,email980@email.com
user981,name981,address981,email981@email.com
user982,name982,address982,email982@email.com
user983,name983,address983,email983@email.com
user984,name984,address984,email984@email.com
user985,name985,address985,email985@email.com
user986,name986,address986,email986@email.com
user987,name987,address987,email987@email.com
user988,name988,address988,email988@email.com
user989,name989,address989,email989@email.com
user990,name990,address990,email990@email.com
user991,name991,address991,email991@email.com
user992,name992,address992,email992@email.com
user993,name993,address993,email993@email.com
user994,name994,address994,email994@email.com
user995,name995,address995,email995@email.com
user996,name996,address996,email996@email.com
user997,name997,address997,email997@email.com
user998,name998,address998,email998@email.com
user999,name999,address999,email999@email.com
user1000,name1000,address1000,email1000@email.com
