user_id, name, address, email, phone_number
user000, Fred Flintstone, 123 Bedrock Ln, fred@gmail.com, 832-234-5684
user001, Batman, 3 BatCave Way, thebat@yahoo.com, 000-980-0001
user002, Patrick Star, 342 Shellfish Dr, pat@ricks.com, 123-321-2321
user3,OqjpfUjOUbzhs,936 hYzOcO,gNnhW@yahoo.com,005-580-4630
user4,qMCisitClUmLL,969 DzYIeR,WEhnJ@msn.com,947-415-2037
user5,TquwoStpkCgja,926 dgFwZF,aXawB@gmail.com,048-312-2424
user6,MZUOgFdQBMxJv,028 HIgcAA,OVzSn@msn.com,828-106-8189
user7,yyoAmuWdvOadV,404 PuSTvP,AqaIN@yahoo.com,163-993-1982
user8,NXNHeKgHMUcgG,100 lckpHR,dFCwQ@yahoo.com,063-109-3061
user9,dBDmCDJHywxqf,126 jgSqaO,MoafH@gmail.com,097-653-6042
user10,lDOzauCVSsZrp,896 PnxiLi,gXseF@msn.com,391-453-9680
user11,TzjjDLAsPaYSA,987 pHsrVQ,nTrDK@att.net,073-102-6448
user12,qeWsipFOTkVhv,099 qsmVYF,CDERq@msn.com,294-058-7805
user13,IeiLaQmKifvoa,637 HBuFBz,JeuOj@msn.com,418-443-8168
user14,ukxhbhylEKvST,655 QzFWnW,kvpLJ@yahoo.com,970-280-1000
user15,aVXyqYDOCGCyV,668 ThkCrm,zoEkD@gmail.com,685-249-0679
user16,dfoxxPnkitPQq,268 rcMGZt,jtRmb@msn.com,595-485-0608
user17,XJJFsMqTCghBm,837 DFLXfU,TYQlg@yahoo.com,721-057-0476
user18,jUrLYNjyWbWdA,228 tlhjKi,bKIbX@yahoo.com,643-748-3591
user19,PTkmvhcGGVhkF,663 mCzNTo,uFUqs@gmail.com,642-391-5114
user20,YKXSsGBnnjOzO,348 soiNHz,DQeoC@msn.com,783-194-4594
user21,qaBxqYQsTMCmX,784 AdQOZx,VPZjh@att.net,094-531-0069
user22,QvCjRpAmKEfwh,572 UPcdah,vzkQP@yahoo.com,035-934-0485
user23,fflniEZPtXtyo,968 pEvDfs,jbRaJ@gmail.com,987-342-0287
user24,KqKYaECLWHafY,713 veujks,abshy@msn.com,682-430-2203
user25,yvezXicHinbzR,988 NSIGRU,VCHQT@att.net,930-916-7335
user26,thlVnaAWAIYgz,369 iLBlgc,Mifgh@att.net,328-991-7945
user27,plRqbyodsnXtK,212 ZNjJzz,WHcHE@yahoo.com,718-048-3589
user28,xcdYnbfRdJTmQ,568 PwgEYI,wzoij@att.net,875-903-1793
user29,onnUvAAmmKrvN,062 wUXpMt,znIfp@gmail.com,482-748-4561
user30,oKxSLNZiIUejy,145 OIthbN,kKWxx@msn.com,887-529-8007
user31,FUvkIbYKEqGrC,678 WjDHAw,NdArN@att.net,811-291-6198
user32,iIjeOmJIXRTFz,120 AMhcAd,HEVeY@msn.com,931-922-0507
user33,tDSOvDFOFiktE,308 vgbuLr,omAHL@msn.com,671-435-2693
user34,KuOJfHwQsBGMu,682 aLsCyz,SpuZb@att.net,124-375-9951
user35,jUSvAHwvadqpx,964 mSDGKZ,TnudA@gmail.com,921-488-8264
user36,sxuCtqzRzdbST,389 JpmAcs,lwWFB@yahoo.com,769-723-9512
user37,TxHzwMbmFYHKN,047 VCZPVA,TXItA@yahoo.com,390-694-2380
user38,fEBCQtwZuvzAi,183 UjfHZo,pmkKF@gmail.com,021-790-8978
user39,salBuGdfXbytq,749 RHEkYY,OKIVZ@gmail.com,991-064-2263
user40,PpxZXSEgfxpMM,755 VcyENt,knwDv@gmail.com,449-315-2211
user41,wgDfuedjbeOaq,935 iNsEAc,wyjOw@msn.com,780-856-5074
user42,EzGiVUlVromWH,503 KGhiKL,TSByh@gmail.com,361-823-4566
user43,MWmbJtBZXSrcZ,562 EAKGME,pINbS@yahoo.com,098-371-0974
user44,JNzJhhCzDtcdY,205 STfxzh,ZeYCM@msn.com,621-702-8521
user45,hrKXZDhyLfwbf,776 kdLPTg,wckWn@msn.com,757-067-1855
user46,xIoDJpYviASYZ,481 rNVbfR,liKDp@msn.com,765-559-2787
user47,ApbiBtSeuVJnc,132 DYZiWG,nTzhR@yahoo.com,403-074-7608
user48,SMPXovPzKvAZC,958 BKyQQo,eFNVF@msn.com,071-980-2082
user49,QQaDqDgWHshQa,632 kHRjpr,wTrBR@att.net,424-060-5926
user50,qyJJVrtqRJWaN,642 MmpBbl,glDHl@yahoo.com,309-954-7807
user51,ECwjLDwjLieTF,764 qONNay,GhQLC@msn.com,261-483-1808
user52,ZBoowYCGRGhyR,675 VpWEXr,ltULM@att.net,213-947-6424
user53,FgHBCtykbXbGS,492 lzlnKs,YleSQ@gmail.com,631-718-2035
user54,fiEGPGxRCLTNL,101 eJAksM,bnyTn@yahoo.com,948-489-1439
user55,mAZEnsoRLAlOS,259 bzossf,KjGLN@att.net,309-139-0382
user56,tISciEZDWyFnU,129 wNzrAg,mMbZk@yahoo.com,075-388-2543
user57,zTjXdgsSRtBvY,383 HCcxDT,KHXnT@gmail.com,595-060-0590
user58,AlYqPATOMrmlc,136 OWVOFe,jSRTk@msn.com,321-663-2592
user59,tqYKMeQsbZNZZ,801 kfyoAu,Hxvsd@msn.com,061-312-3528
user60,SQQCcgBhgepVo,253 lZEvWv,EPNFE@att.net,104-211-3643
user61,GCbWdPerfMkvO,160 RIunvZ,ksQzK@att.net,152-198-2745
user62,dNQmaVYNxqkEm,596 bqcfct,lVFVk@msn.com,051-251-9903
user63,meaRriGxoLhsU,712 MmseLG,ypDnu@gmail.com,883-413-9921
user64,bOZnKLJvGOBdn,085 SDTeda,gYFmy@yahoo.com,008-788-1624
user65,mBvBPfjKRdyty,942 NhGTMH,ccGLZ@yahoo.com,631-602-4997
user66,KNBrsdeMxjOME,273 AWTRxC,Wvydy@yahoo.com,749-098-9125
user67,uYzDpZzGcdEdu,575 dQFoRn,igNdv@msn.com,662-623-6373
user68,VwCUYuGnMeSku,135 Fkpaag,YdqAz@yahoo.com,557-116-3477
user69,tFsOdKwjSapja,991 jEkOiL,gBOTd@msn.com,065-117-0827
user70,sapnnPBYbtnVJ,689 mYfQCF,LIURD@msn.com,278-263-3392
user71,CcTobdHuCMuxn,221 cTervK,IzSNR@yahoo.com,956-707-2055
user72,gTmCNDsWntxhU,247 RLYLAa,vBOLb@gmail.com,206-207-6569
user73,bngyQtLQFPXLa,030 unoJKo,VAage@att.net,002-630-8195
user74,jqFjMqgKyOaqg,927 pxtwaG,bKIef@yahoo.com,450-130-6148
user75,fStmuidusrTOr,246 zMfMDs,comtc@gmail.com,635-597-2203
user76,WPVyOeIaKzqvy,962 xngMFN,SUAGh@msn.com,889-255-0125
user77,hgvTOdHXubTtb,473 mUpbXm,CvUiQ@gmail.com,754-766-5569
user78,EeawkagYXJQCG,129 ftxBvM,YBcls@msn.com,124-582-0094
user79,UlpkFRNJbVPsI,207 RymWkh,rBGkL@att.net,694-780-3399
user80,NJHfdQTqSryUk,334 RDnyUJ,iZdun@msn.com,432-786-7785
user81,gHqsdpPjoNMIG,720 oImbTE,KWfWG@yahoo.com,336-610-4919
user82,fOetUsNnopCJe,688 MtyxGv,lHShQ@att.net,800-833-9834
user83,FsTdALiCTBfyC,268 LxxogE,ZZvBM@msn.com,802-975-3180
user84,JolwsyHSYUpsg,317 nJmnCC,npekC@gmail.com,797-805-2451
user85,RUaegdVIYLZcG,610 qLBCSe,AvTUx@yahoo.com,394-966-0975
user86,KORgWTEQVnIqG,331 WqbiWS,XlXkE@gmail.com,259-234-2918
user87,JfQPNUCwKtLPN,858 wicLvb,kOhhs@att.net,404-891-5222
user88,nRtFWTQdkkEZx,301 klxZvs,vIBia@gmail.com,380-297-5729
user89,ikRCCSyLaUNXb,379 RJtZdL,wxwIm@yahoo.com,599-204-9621
user90,gImBUsDzrXyta,989 JIGsDD,xbbjh@yahoo.com,348-186-2132
user91,GpBHcwXAJGtwO,300 KCqKVU,oehmy@yahoo.com,024-079-4601
user92,TfUlBDBCrPqCy,490 xeCFWB,yjKUp@gmail.com,339-426-5278
user93,KdrDbvQfHfQYh,603 pIsoFb,QwXbO@gmail.com,959-601-2220
user94,sXPBbXeVALfSh,256 rJVmFk,hFpBQ@msn.com,899-762-3140
user95,ffBMGhxwDBCak,699 ZrSOYd,yrYUH@att.net,798-726-1154
user96,VAvbPetMGPuRM,698 CbDnhd,ZCARb@gmail.com,961-202-1921
user97,uhANnbWcacZiT,892 tMXmBz,dJXNH@gmail.com,153-624-6154
user98,cYhLLZCzGHbFq,530 rkDFGU,pQNDv@msn.com,275-480-8299
user99,gSCXMCoHkJqwl,737 dWWwHG,gFRfT@gmail.com,091-351-5289
user100,dYFhWsLATQRQc,661 KwPKKE,cRiIs@msn.com,813-572-6049
user101,jiAsGzAXDHhse,942 GNmzis,VBoSB@msn.com,935-027-6840
user102,kKtnySkUfayjP,864 HrBoOf,IjwnD@att.net,809-891-3032
user103,RvkEzeAxHSXLd,110 eOFukH,ZtTCD@att.net,747-939-7242
user104,zPyBCTYsZzjZW,497 IpiMrk,ibbFz@msn.com,342-342-1765
user105,vkAxMAYiEefFK,422 IevKFB,fNrIe@gmail.com,437-649-6324
user106,QkbNOgHexcVzM,988 ZdKser,ZqAtA@gmail.com,971-104-9829
user107,xeyoAGAjIccaA,908 uqyXgb,CAVJr@gmail.com,804-384-0480
user108,gPOWfPKxNqTeM,316 SsNdmE,VFPcx@yahoo.com,249-748-0978
user109,FCaeMzKfnKuda,790 vgzVfJ,bDCxA@gmail.com,129-052-3109
user110,TDsQyoTvZCxfV,844 xiCAYa,sxgPK@yahoo.com,439-584-2123
user111,yLkCYEmQGaGbJ,638 NloPvn,gpqeY@gmail.com,483-572-3118
user112,hizRDQVFgOxSw,172 WHuOIJ,DAkiz@yahoo.com,426-250-5986
user113,nwwcjjhBBstDu,110 mYbqAK,Qtvsu@msn.com,300-475-5197
user114,GrIKnKuYFIMBn,505 bOGVNB,cwymz@yahoo.com,690-376-6785
user115,HgRgIBCpGlgWJ,387 SgpIGo,xVziR@msn.com,626-120-0463
user116,PTkRgmlRCOyoF,891 SEfwBb,IebtJ@att.net,412-618-1001
user117,hRLAOctGzmnnq,600 tChNcJ,GuBje@yahoo.com,802-557-2159
user118,addIrrjXpONvm,031 TDbMld,EhhGJ@gmail.com,164-928-8318
user119,pRmitKyydNiUW,041 rJAzXC,bPUSg@yahoo.com,331-755-3203
user120,sGiagkYwoTWAD,019 jeuwJi,WTCMm@msn.com,910-658-8314
user121,jlLsdIyDZmZeu,945 CWiTHz,lldfV@yahoo.com,921-295-9506
user122,AsNzfisewXPAN,784 gsmBXb,qcKWe@yahoo.com,375-735-1320
user123,XwwzZowXCwzIO,547 hZnyRr,EqQFZ@att.net,428-735-8741
user124,FSiUfsaenydEl,351 SLEEXN,SuNRr@att.net,680-729-2246
user125,JPsYvfoMgGlQe,832 BjWMgS,oGFbK@msn.com,019-700-8793
user126,WnWwiUBdPAATO,766 rmfyHL,nsOcX@msn.com,663-026-7046
user127,LczbPcagRUqJf,996 gwAIPD,WvzTV@att.net,345-573-0011
user128,YfbMwrnCOZPkg,858 lhidxk,fcQQQ@gmail.com,298-951-0541
user129,aPhhpQgHJKDvI,366 phMcsC,iJQXz@yahoo.com,230-797-5264
user130,YfcTuhtaEKkzz,779 tQouOK,nlVLg@yahoo.com,129-078-0376
user131,sYPIpCAtJZnUL,226 maSiaZ,krPrU@yahoo.com,313-309-8391
user132,EPsWnnnoSKoJJ,094 ShxFnb,hmMNL@att.net,253-149-9270
user133,ZrEKMgzLdGVRt,233 lIMzMQ,MJkfN@yahoo.com,189-145-0349
user134,iOaYwjrsNaXCq,414 adltJJ,MMroe@msn.com,703-633-8432
user135,exhxrBlYeOmQV,929 vWPSnl,zKSRD@msn.com,876-574-2288
user136,QNewzsDSMhhsx,408 XzbhUn,wLCqx@gmail.com,151-210-3121
user137,EjXcxWevzOzBP,919 HFoxHZ,tqEob@gmail.com,558-667-0664
user138,lFLcwEfZeBOfs,425 aSNmCQ,meqFX@yahoo.com,565-541-6668
user139,urDrCHHbsyFlG,806 iHhuig,AfAiY@att.net,044-500-2445
user140,QJWYFVbathsvq,811 vgGfPc,FwClf@gmail.com,560-187-2189
user141,kKIQEiTcbLICP,900 CxyKwp,ajHnX@yahoo.com,131-470-2539
user142,tdJRLJpeFpgIB,294 rGvFmr,akEGl@msn.com,006-995-6641
user143,TUzAnDDMHXrSx,386 lDMjBZ,Sngtq@gmail.com,872-603-3626
user144,erRxCbVyMfLWV,143 inlPXw,vubxl@msn.com,827-676-3406
user145,IQbseRhlBxPWc,828 sRTMAl,chqLi@yahoo.com,626-169-8952
user146,DZKKQfbpyrrpF,493 FiYWpD,OCcEU@att.net,718-398-4481
user147,QEQeBeVKXUwme,779 kuXSXr,VJbuy@att.net,633-178-2130
user148,KMZdbfMISEwsG,534 GPgreZ,vxTOX@gmail.com,938-040-5743
user149,BItjiJGWPTpXT,400 SOzafq,mreNv@att.net,548-290-9898
user150,KsIhyHcMMhSml,667 mGNAMa,NbnzI@yahoo.com,844-720-9257
user151,mYsPVjlHWLykL,815 MzGbnx,NowPE@msn.com,441-221-8916
user152,LJlLibHQPiwyc,509 dJmtBy,bjxVp@msn.com,408-287-6327
user153,GxwOivvVewVBl,845 eBwVmo,xTOmf@msn.com,428-766-8985
user154,LylOZnVwRmwaW,506 RBNPkb,YNANG@yahoo.com,893-469-2526
user155,TxCXPqDdlBaJP,723 GkXBLc,iJyZy@att.net,902-462-9290
user156,peVDxBpcrYmzg,771 doXnAR,AAioP@msn.com,146-560-0208
user157,UrwFhtKOFwLjC,087 YhIGyJ,aTpNg@att.net,371-504-8987
user158,RrHVIXjzBhBzg,813 bDQQEP,DaBNA@gmail.com,341-237-6854
user159,QXnTKpyBVeqsW,818 wuPfUB,ylcpG@gmail.com,792-618-7059
user160,vbZAfdsGUUZKV,525 CKttNx,CRjKs@att.net,750-569-6328
user161,RsHWkNbltqzcx,065 SVbpiR,lNNAb@yahoo.com,060-929-2188
user162,vDOcpLkWCmXzN,951 AcdKQJ,zPmnA@msn.com,971-362-2468
user163,gDLkgBMgzkMuY,996 mCjfXR,mwZTF@yahoo.com,823-178-9508
user164,fxuVbCkMWRIHD,429 NzntRo,tegdh@msn.com,780-063-0714
user165,JxwqxgzNvvbIu,606 Xokngf,LaaxS@yahoo.com,418-583-3764
user166,fyGONYQMTWZDo,535 dMcaIP,DYDuC@yahoo.com,555-396-9397
user167,gWDxpnQXkGBDi,533 kSMPtt,hablG@msn.com,539-764-7915
user168,cmHMPxemWndHY,988 eznhIg,wouRe@yahoo.com,900-588-0249
user169,GfinucjocPolu,222 WejUao,dqWKS@gmail.com,342-686-5355
user170,VncZGqeMGrtYS,236 rdjhNp,tleCY@msn.com,264-694-7495
user171,kvtzFSaKOqCHX,945 DxQgtE,RQCkX@gmail.com,011-842-6809
user172,TAExbdvJKrIxx,283 CpPcui,XUJIV@yahoo.com,818-854-2469
user173,KwmXhYUjmQZzI,030 LOeAEE,JFhQp@att.net,706-631-2883
user174,vzDvmjIPjWkHZ,226 lXWhCX,IRQsS@gmail.com,794-839-1189
user175,kzPhweYDtmDqp,026 MPjiDr,yjyai@msn.com,338-152-0562
user176,XjFCPSWrpzHAa,289 Mnwsii,eNXxM@yahoo.com,340-630-6258
user177,yzFkjFBhhbayH,428 BlloIr,cGtCr@att.net,045-765-9107
user178,GddsBFNoxCZYH,976 nHVDpD,qgBoT@yahoo.com,361-305-8427
user179,KKUwjzbXxxkLg,867 phdUbN,VqoGF@gmail.com,964-545-8986
user180,mipDsDYYRKqUn,457 grOqeW,OkTrc@msn.com,755-554-0739
user181,etuJWatAcEKjs,634 KOoPvX,Hgtnl@att.net,247-643-2281
user182,MxjphhVoklSxQ,299 EUWDDh,ohBPA@yahoo.com,416-357-5734
user183,kWpnrwfDVDHlS,762 jOLEOs,JNniN@msn.com,409-297-3989
user184,seecBIhUoeAJv,753 jpIceY,sOLsg@yahoo.com,171-441-9656
user185,uCfxPxTfhSwwr,307 IxTzyT,UyODA@att.net,851-169-1599
user186,lyyDWQQcoytwJ,465 bGrqdH,ftuyf@yahoo.com,788-415-2126
user187,aDxITCLnRSOLJ,121 HeeKCP,WfWip@gmail.com,197-713-8994
user188,KrfqQLOmiqmSl,851 MmnTGr,ZDzEl@gmail.com,000-302-3256
user189,TsyIiCdzcHDXa,274 fYuHXJ,HqVNP@gmail.com,275-521-8576
user190,DVicCqVAWCRzx,725 WuMuXQ,KLBAO@att.net,307-327-8833
user191,dtCdYoVwfhpNN,756 EScTcq,fHLMO@att.net,638-914-3832
user192,eQDjQknkcnfzi,200 VxLNjM,FbgCp@att.net,457-916-4923
user193,IDFsoxPekKoeO,772 dYwUjv,XXmVY@gmail.com,810-309-7910
user194,SJEHBvJJMZRjQ,441 KRueHy,KbqKP@yahoo.com,676-855-8031
user195,EZVlNJJVosqAN,911 nTWCQj,rOhFh@gmail.com,778-400-2283
user196,lIyTCCqZiBvEt,634 HbSGXj,wiGSa@msn.com,582-240-5293
user197,QvRVKYEyeEGOP,018 FhsGMD,VPrPm@att.net,125-073-2861
user198,aokwewBhTvnpI,947 TGYZGu,hfVUK@msn.com,509-283-3901
user199,wGWoUOXVcqvTE,755 UVAcAp,wmwFy@att.net,824-478-1907
user200,XlkGUzQpQnfjF,941 DAeXKk,lowzz@gmail.com,328-203-3313
user201,NCrcyGZuZIcbv,314 qXzKmO,fNBFw@att.net,329-597-7709
user202,YyPjzEzICldig,306 Rqlfye,QonWr@yahoo.com,717-032-7046
user203,fNMTFSoeVoFMN,599 vNIyTG,zVtsq@gmail.com,628-148-9261
user204,BiBgRiTNDRLCf,061 Znewqk,gaIVS@gmail.com,912-730-9522
user205,FriOyyzdIWbfT,598 DaXTuz,JlcaG@msn.com,009-571-0430
user206,qkfdxNROzyZDE,815 TiyIJN,BVksg@yahoo.com,313-766-1552
user207,kOfTAOiSvncOa,488 DCAxLA,WSrSI@att.net,478-569-1197
user208,cuirYTszrQFZk,449 rEWwhW,dARvo@att.net,832-592-6829
user209,RrteRHicQhzIu,811 OukdWc,TFAjo@yahoo.com,950-561-8906
user210,FQHQHzTGblBzb,023 uIYZpt,DMecZ@att.net,977-346-4368
user211,NTsylTUuMdPNM,011 crEeTk,CTIZj@gmail.com,546-332-2533
user212,lFuggttnfnsiQ,915 DjKTox,gdilZ@msn.com,329-853-8927
user213,mnGZNmIEdCmCq,348 avOnBc,gVVku@gmail.com,151-954-4362
user214,xPsQhnVgBubRq,767 epMkFa,fBXre@gmail.com,885-377-8895
user215,ZEYyCYSTywnmM,163 tCFfTK,xBDJF@yahoo.com,975-459-8288
user216,HmfjRtcwaXcbv,225 ZtMlsF,ZArbX@att.net,513-757-4934
user217,VasUltQkyzUyW,724 irTJDB,qSiHQ@gmail.com,294-200-7569
user218,PWulsgXMXqzWv,134 sWXVfF,mPFKX@msn.com,785-700-8633
user219,EAmIdJNQZPyFO,016 JzUgEk,JJuCF@gmail.com,766-742-3724
user220,BagQMgPEAXZGg,401 PYKNoy,bZeIh@att.net,155-308-5404
user221,WyzRGZusyhiaK,553 yqprUa,OjwdQ@msn.com,232-968-7069
user222,unfXxwjjDhNiN,426 KenXxF,aFXgh@att.net,370-700-7932
user223,XlCdqHwyzUCwS,112 BbHncy,ebeYh@att.net,411-210-1739
user224,RhheghqXYcsjD,097 YnFgal,Ztuyv@gmail.com,147-772-7554
user225,jVlMrsnlpoYTg,993 bmJkfv,npuGr@gmail.com,812-098-9225
user226,eBabtLZXxpwPX,027 UOOKPK,TXCzk@msn.com,808-500-8600
user227,zaaadCBVzLcHC,521 XFUOYj,gMXlZ@msn.com,449-755-7663
user228,uHvnMRYWIHMUo,246 eXmaBJ,AsQCT@yahoo.com,671-187-4668
user229,tXZmcZZilYqsl,493 ovyBSJ,siMkR@att.net,175-409-0307
user230,nuBJiXpiZVjQc,015 YkoNXj,nAUna@msn.com,070-760-0530
user231,IrCiQofsgOOZe,493 aNVuNk,EkYlT@att.net,829-571-0104
user232,OTBSPmXPxXZAi,478 udokKG,mbDoz@gmail.com,994-513-1506
user233,vzycgTwjVTwlV,015 xuwebH,bbfSz@gmail.com,509-476-2707
user234,OVAmPAsZXqwqj,193 xCjSwf,ezDhj@yahoo.com,804-184-3200
user235,FsxWYeIBvUAHo,411 iegDyP,czfmg@att.net,121-818-3491
user236,nEpZyIxsJfaoO,782 jQsBLN,UBUme@msn.com,083-622-9148
user237,rGvkgszSDXbZR,527 NdqRFO,qoNkH@msn.com,781-971-3796
user238,uNfVnMGTLERAm,352 wGUMeg,cmzCs@att.net,129-694-1701
user239,XkhFPfZJzAcRk,421 yoXYcT,vQiqZ@gmail.com,830-414-8639
user240,nKPInXAGqMumZ,587 pBTTwG,uhGFO@gmail.com,384-568-5002
user241,SrUzTJpinRbfm,502 hllGuw,iOXVl@yahoo.com,012-406-3077
user242,rMHPKQhobwJPK,338 mDxGZQ,zlXCw@att.net,103-012-1374
user243,QNdAFGqoWgzBi,066 jicEfv,Skpix@msn.com,778-878-0823
user244,cekbWaHdOshll,395 gmuffH,XZeFB@msn.com,974-308-1769
user245,IkJKeaTbHrsxj,806 NMRjTY,xPuiq@yahoo.com,772-824-1325
user246,EeNvViMSNZPzP,510 DigFhy,seHrl@gmail.com,337-651-1637
user247,iJttSIErarzoR,553 qnFpZg,GbHCs@yahoo.com,786-151-2420
user248,mNNxIomLAzNxE,715 ozfPqt,xIENa@yahoo.com,319-563-8719
user249,PehaoXCkYiKQP,731 VqFwUK,ymzho@gmail.com,061-249-5584
user250,GUMPzRLSxylrt,710 ierJfJ,lSlIC@yahoo.com,843-665-3478
user251,wJOYCxpwcsesk,367 cDJmJl,HBwkL@att.net,704-282-7326
user252,pTAbWOdTUaNmx,720 WByaHD,SjzZA@gmail.com,902-477-2460
user253,EdtnRwiElcJuH,572 wgJafI,jviaP@yahoo.com,171-413-9024
user254,kjEPAiXqIFGaJ,275 YwNTbB,wKnLG@yahoo.com,203-499-9247
user255,qGNElIrkjkpNc,677 RMgbjt,FaKQn@msn.com,343-648-3805
user256,bgRvGttggRdyw,795 UtTEbf,GiLZj@msn.com,777-271-9283
user257,uSSsCbSBYjEOx,757 BNdhGC,qlWBx@gmail.com,999-647-4839
user258,siJfLlHBsPRKa,461 dPqlcU,Guols@gmail.com,873-451-3017
user259,XmEozjVckuAWw,814 fHlFZE,Gtfey@yahoo.com,880-015-9977
user260,DSPAyslgnwamY,264 gpzsjI,NMIlt@yahoo.com,371-758-9055
user261,nZEbWSDqNvIqm,355 apCscG,CHMCn@att.net,178-968-1796
user262,WxxryGxajLSwG,860 puuMbF,ZqFFP@msn.com,787-888-9877
user263,lGnvilSVQAbuU,737 aBSPEN,fjWaS@gmail.com,171-108-1974
user264,rdowFOlVoYWhG,246 JDvKfh,BLOQh@att.net,457-024-5461
user265,eGaVWSigUNipR,191 lRmFGE,jSCOF@msn.com,916-873-9616
user266,khPxZoKBgYlZR,633 vcFfSh,inzLb@gmail.com,051-845-3904
user267,rnZxMmlBiKldk,733 TphAVB,nqxbJ@yahoo.com,044-178-8617
user268,XSQMnvxDPrOET,465 SaAREe,dHxzC@msn.com,010-908-8522
user269,jlMacURWyDORW,309 wrkBmz,ouNun@yahoo.com,354-876-4293
user270,UqPgOtYGvlCpA,485 BKHzth,uVFyx@msn.com,613-126-5041
user271,GSZzKSCfJKRVT,135 uBzQEM,YBSuI@gmail.com,874-408-5721
user272,JMUvLaEIWybPY,082 mGlINi,DwoCY@yahoo.com,656-246-0393
user273,bNXiBHkNfWQeR,367 PIgtHi,xBeVX@yahoo.com,901-055-6334
user274,yepIYPJKqzdwh,714 cxTulf,WQpBI@yahoo.com,188-446-7911
user275,vCnULpWgHuKuH,488 ckJyqM,SVDko@msn.com,444-370-9397
user276,mpLyhwHYVwrIx,269 xyYPRt,SuxGT@msn.com,068-798-1467
user277,iMHvcNnFOrgJq,879 lPOjEp,kbvgx@yahoo.com,697-255-3244
user278,ffLwrsDdEuqOx,733 jnnroM,QnoRd@yahoo.com,807-903-0133
user279,GBbkPRTYVDObV,639 KWjPis,fxKbe@yahoo.com,763-769-5587
user280,sGscFLJDOhsKz,439 IPyAAT,KLCWT@gmail.com,204-075-1507
user281,IKqqIjeiHCCpf,238 hmcnRX,nyfzU@gmail.com,102-504-4399
user282,ECSSHgprksJGI,430 FwIZTD,uEtbJ@yahoo.com,189-225-0071
user283,cgJcWpEQebjVF,854 DwQRBY,lZGkP@att.net,552-005-1988
user284,qYXQDOIQfvXEn,010 gLQXDs,JQIbS@att.net,748-140-6113
user285,GITwKuAXEqfuu,305 ATabnH,RLGSl@msn.com,992-265-9502
user286,AnMHoELryRWGW,389 IxmrBp,nOdCt@msn.com,692-312-9363
user287,TNLrbIwOpPfEk,114 eWbfwS,hdnyO@gmail.com,998-227-9097
user288,NGqKmuaOzvPjV,533 uacmiA,jJUlg@att.net,326-145-3443
user289,GJrOsMgWLQCTD,218 xlvmNN,PMmiT@yahoo.com,674-760-1647
user290,PsPcSwCZENddX,226 AqcBhy,PftZL@yahoo.com,417-849-8800
user291,BbLDVhFDtAHFt,584 QmyiQC,CMHJz@att.net,701-044-1689
user292,pOVLlTNlNHABB,154 DEFMhj,YFeXP@gmail.com,246-005-0088
user293,oEbWHJWuguTrY,937 yfPwxs,mJcGT@msn.com,661-404-4490
user294,GUpNjEqPPffHn,323 JFQwBp,CXjyb@yahoo.com,590-987-4259
user295,TcGVfpDUYsoBe,063 KeTkRI,IMjkW@att.net,669-849-7223
user296,tqzDdBxpVYGyZ,276 HivNJZ,pFbwn@msn.com,871-081-1737
user297,uivKggjZJDJvp,042 KhOSrz,pXXkn@gmail.com,550-028-7277
user298,JApMrYCDKDAun,639 yQYsnS,FVFyO@msn.com,582-501-6541
user299,fIEJgPWJakVfL,447 JNYnUY,WIlDB@msn.com,308-216-1789
user300,yHjYqFlcyEXXJ,742 mxfTkk,xrDQQ@yahoo.com,285-059-6975
user301,OeBGCFyJeJIFa,355 jMtBbL,eIwnX@msn.com,548-556-7871
user302,zDrkNKqVtIBUP,060 BzBUoA,oNHPu@msn.com,201-301-6558
user303,MqENMWXHfCSMT,491 CEciue,ylEXI@yahoo.com,980-735-8829
user304,KitPnhySxWKzI,493 eIdIfe,XadmM@msn.com,511-629-4457
user305,TBKXnKnGPqxly,227 oUTKmb,BJeuc@yahoo.com,288-112-4812
user306,BUIGdlAnKiQql,449 YgxwXa,GIiSK@msn.com,635-684-1332
user307,MnrUSRZWsbauK,551 xagLKn,lGODQ@att.net,614-456-3673
user308,BsndzZUFlQXfx,590 CzdmOx,TkQHX@msn.com,871-707-4528
user309,IWiHjnMtYxhFr,622 PcMVSG,EpfAI@msn.com,822-921-7129
user310,zvEKaYMHBmxSy,079 qloYxn,RTYSx@msn.com,037-617-9225
user311,speANifRtXKtR,859 IoSPmS,DCACK@att.net,544-352-5329
user312,AHUgbWzibiuDy,798 RpXbHi,rFrip@yahoo.com,671-154-0941
user313,LcVhjwdnYqbip,079 iZSazR,WLFKy@yahoo.com,244-424-4400
user314,CkjIRdGrBEHLI,764 vviIbk,ykbXj@gmail.com,918-747-6722
user315,ZWirVSnXOtecH,551 XdDdVz,pSVII@gmail.com,695-737-6700
user316,sosaJZXBMYNVD,392 xBGObJ,pilQJ@msn.com,035-797-8125
user317,iwZmoGZRIIQuH,073 MaEoWc,OXzpg@gmail.com,573-619-7896
user318,ryhfVaocBDbyY,132 NwfAba,rHzHb@gmail.com,480-936-5253
user319,znXCcpPdzeuYH,052 HAGvxy,OEYJx@msn.com,543-648-4215
user320,PRnybufNvhLXQ,359 jWCUgR,lYvjx@yahoo.com,338-342-8932
user321,qeOVCcZVwgiHj,720 WQsAHb,UbOgn@yahoo.com,172-306-7830
user322,SgdyrammjdnRx,682 FIQTNI,iTOti@att.net,730-931-3470
user323,CMesslgWieDzb,487 zsuLfH,waPRy@att.net,620-879-3915
user324,qMzPEYTXHsfcT,912 qFSbgh,eTxEW@gmail.com,356-682-9612
user325,uOFMbiDhfezHB,738 wVGJin,paQMD@yahoo.com,831-750-3126
user326,wWyvcrpRWQOXt,180 LTSTzu,XIBSw@msn.com,785-931-7531
user327,UmkXNsnfIgtxJ,155 uAfdhf,hHrzi@yahoo.com,068-752-6935
user328,iUQMQOlunlbLx,213 LbTUVV,ycsgN@msn.com,315-600-9570
user329,qSKVAHNSgaYfC,026 vIaAFL,CMWXh@msn.com,668-953-7420
user330,otvMXCyHJFuOB,419 gGOUwY,EUWBh@att.net,034-777-2825
user331,pJjpVrrimjHGN,577 VcBVLb,XFsGO@msn.com,881-518-9668
user332,KyJnUGDTmakJT,817 sNKyqn,gCImQ@gmail.com,707-817-9925
user333,hlBAjXhGzmPoV,191 YYrOWT,iDzFT@gmail.com,472-901-8673
user334,oGEcLDJpmJTuY,925 PhFPde,unGwR@gmail.com,360-329-2669
user335,nCfULjCuovAlO,360 LjWoPQ,mMqzv@gmail.com,020-662-3511
user336,tXBazFOTZGGoY,101 iaucBD,aIZJA@att.net,865-086-5999
user337,hObULylJyAaEi,006 cdqpVm,rNbcQ@msn.com,182-930-7838
user338,DIYwAmqPAHble,808 CiRzbf,NvGIL@yahoo.com,830-817-1360
user339,YTOTpEQcuQCOj,052 suBobb,UjKXx@gmail.com,329-467-1527
user340,zTHbhrCQOdutm,021 RECqYv,AiYzQ@msn.com,590-734-1005
user341,FtMakSynoSylL,965 vOiyTo,Aeyoc@att.net,519-109-3674
user342,fOotEFWHOfkoE,971 NWwtsI,QwMbe@att.net,900-989-2944
user343,EuflFTvcZrcsL,214 HpUJHc,XyDoV@msn.com,902-525-4977
user344,sZJNpgIWxXWzW,671 mhendf,ylaNY@att.net,023-640-8926
user345,KzIyRpYSNxrei,225 GigSIr,Zhmqc@msn.com,313-020-6529
user346,TFhHTxckqXaFv,236 eKVsoo,ROeSG@msn.com,850-126-4907
user347,JkSKhVYQBNZnW,917 zSCKfi,nUZTM@msn.com,092-468-2878
user348,qQUcsfaDkPnpQ,139 nwThSM,ZeWkE@att.net,121-356-5752
user349,jYTgifogjnhst,549 kbdQjz,vIimd@gmail.com,839-445-4916
user350,FNzEizpSTmxRp,059 YgsTAp,VRxAy@gmail.com,651-582-5911
user351,hOCQaGpSlIjeU,307 KdJHCQ,USmfP@msn.com,850-834-8156
user352,pfqIaqNlTfdIc,377 gbCFYX,OVWzC@msn.com,040-326-4414
user353,neCSsNALipLJN,666 MiUbfl,JCnMe@att.net,641-596-3632
user354,dlkQQMVSIzZkF,413 PMFgMi,mfZqO@msn.com,950-670-9896
user355,rQaIjByYoWCkc,510 XPHLGT,mDePh@gmail.com,497-407-1662
user356,eHCctlVBKfoeD,441 GlmTVe,pnfrE@yahoo.com,932-620-9805
user357,HnXzAlyGWtEdk,826 PHancn,yLpcM@yahoo.com,112-790-4171
user358,fOLPXaIOxjpOA,903 fbpGdJ,wlByp@yahoo.com,748-366-6976
user359,lueULXzMlLjBb,008 SPBBWT,LXhDp@yahoo.com,582-458-7069
user360,IJXHPSAzjqyYs,779 wcoqZB,biPon@yahoo.com,131-780-4873
user361,njMvgPCIfNZaT,275 vpivkc,zVEjV@msn.com,994-358-6388
user362,ybldVmQWvbaNq,526 kMNrUH,IqBhd@gmail.com,031-916-3524
user363,bZMFnDMaAgPid,636 OfnhnH,OTbzF@gmail.com,298-241-5381
user364,prAXnjfEJtZER,636 DRldou,rvgCL@yahoo.com,548-332-3613
user365,VbIyKFMrraDcD,055 tFlBoZ,WkvSg@gmail.com,905-027-5072
user366,TubTOAUYTpgDe,614 PUImLG,gUvoj@att.net,796-293-7772
user367,qXJcuwEMKaXZF,377 FdlfgN,EIhAP@gmail.com,776-343-8419
user368,oznWyRQeCgyfo,017 gzuszU,OxEXQ@msn.com,752-054-7183
user369,avKKUbOrRjaKT,291 woksuq,hYwSp@gmail.com,149-305-3930
user370,QzoNLNBsqptbk,165 qzhnKJ,Jdutd@yahoo.com,150-458-2929
user371,SdLOVAAOOhnsC,089 TtFTEd,RuUdR@msn.com,496-756-7440
user372,FZsjQdwPjWMkI,957 gOClAi,ZoDAt@msn.com,860-567-5677
user373,TQfwptBSrRwEY,591 gGusxi,MolgM@gmail.com,511-079-4188
user374,YdGvdGTNiuIXF,868 gDvuLD,EiXEa@yahoo.com,922-508-1979
user375,nSpNXMcyXKMEZ,057 mTcIXE,xvwFP@yahoo.com,368-795-1510
user376,fPfZbmaGoCiDS,387 xtGmnL,rpzJA@gmail.com,165-333-2360
user377,gtJrIDLHgAVvg,419 PWXOME,BIBJd@att.net,726-731-0341
user378,yIAZOutpPyFiY,387 bbsbUQ,oIqPp@att.net,677-737-9872
user379,xGeQpdNxWQwMP,719 skIsIX,cDaNW@msn.com,045-838-0547
user380,umkqLkAWauukA,665 cEPOPN,bbynQ@att.net,904-131-0998
user381,qbqyuwYvGUydx,627 mnDCIV,pLVaQ@msn.com,454-876-8851
user382,nHyxJuGlpgdoM,144 FbKryw,CdOeJ@yahoo.com,316-311-4186
user383,EyYVwmLZvGUDh,941 QfHFpO,aMpUo@yahoo.com,713-915-5677
user384,ZUBMTqZhHeFHu,008 RBmEmu,SQQas@yahoo.com,809-320-1273
user385,xumDgOmboztdQ,108 KjysyI,JkNDB@msn.com,040-602-6524
user386,fNbEMkdkcgdyo,740 ZWHZRC,UGTLr@msn.com,402-851-9123
user387,zYsQbZanHQaLL,832 gvUfna,XKvoa@att.net,162-345-0927
user388,rPaSERoaaKDlN,852 TnCExB,TzwQE@yahoo.com,237-901-6031
user389,yfPsrgNFkOTyE,695 rXquvB,hOXsx@yahoo.com,052-845-0326
user390,SNvtwDcFENDTz,770 kvlztV,CwmLd@att.net,170-229-8853
user391,aWZnMueRcrhYN,081 tVzMCw,IVGnl@gmail.com,451-836-0221
user392,LboewJvmBPGpF,431 VBQNti,hNGjg@att.net,987-368-5661
user393,iBBfAMWOtdahG,122 ejUSLw,qyfna@gmail.com,025-093-9385
user394,EtWKEmCReZZNt,662 tXsYar,txuPY@gmail.com,488-055-6719
user395,bzpsdHjpyXVue,549 ZGAiwt,gXJWg@yahoo.com,857-762-7559
user396,PuKNcOkGPlXxF,434 vpSpCh,xwhna@msn.com,974-082-2729
user397,liptweOTfRicD,217 aiOgbW,UddYv@gmail.com,490-113-0977
user398,nNJEzplsrSNhn,148 lunjcY,cecYI@gmail.com,945-726-8847
user399,TPFPEERpflVrD,419 cMWDjP,JKnRS@att.net,739-131-5333
user400,dPWXdMfiuWudD,606 ajpsuf,hdVVC@att.net,543-040-7082
user401,ZoGsGnPLKmnoS,313 ZXsUev,uiQqn@gmail.com,109-244-9850
user402,JaeiGuVOMwVFR,659 EkRfhG,xyrBO@msn.com,773-468-9554
user403,PNFbprBlJzZxQ,657 dnRoea,OiSFG@gmail.com,562-665-9166
user404,wsfoQJpYcEUkv,580 EILUTG,QyvvL@msn.com,019-650-6986
user405,OiaoZtXVOOlRo,888 pXIsPo,GQqNR@att.net,771-777-8164
user406,GRdsZjTQbvBeU,437 glvKwi,dVJSt@yahoo.com,655-627-3029
user407,QfwEiGFBBugIu,605 ADRKwd,FWbRk@gmail.com,545-245-7331
user408,CpXmYCDaumAwF,448 JEqfRB,MkJdc@msn.com,783-482-1873
user409,aNvDgHUKVXnyu,011 rZBUfY,WQyrU@msn.com,727-601-9567
user410,DRtsEiRontsHq,134 ObUdCp,JLObW@gmail.com,747-642-3603
user411,SFCuUcekcOJri,408 GUmgXc,nWpxj@gmail.com,447-328-1179
user412,lDrBlqkwFcBZi,520 XVEniT,HQaWM@att.net,625-920-1900
user413,LLcsrkmUyFMyd,201 LflRpV,eAEKw@yahoo.com,225-423-6137
user414,dITgUJqZgWOrP,019 XYVkUZ,MAjLo@att.net,228-533-0220
user415,PRTSUeujcIBTG,989 FqJwzC,XxUWU@yahoo.com,328-974-1443
user416,WwCeXoolDSEgB,318 gLgpsn,BFDic@gmail.com,116-142-1627
user417,eaAjIsIsAtHSg,208 pksBIk,IYnyy@msn.com,538-696-0911
user418,dzhdXwXPhmNyU,548 qOiMcP,icXLY@msn.com,030-786-1407
user419,xhEDcJFFYPglJ,550 ETHgzs,xwXWT@yahoo.com,979-189-9160
user420,TeQTzZvxtjHza,391 xQTDWA,bOXvL@yahoo.com,398-720-1780
user421,TVliJirHAhuBj,780 NGZHFw,Jkgnv@yahoo.com,194-455-3764
user422,akCtnRqCdUtKh,830 fOxwpj,blMyh@gmail.com,880-168-2591
user423,olYSPsEHorrFi,134 IHffnT,ybgkm@msn.com,483-321-0910
user424,oIzxOHplLAzkT,999 ofVtxa,gszAk@gmail.com,407-305-9555
user425,HCvmdZTihjqyp,206 fdGwoE,KNeVW@gmail.com,400-695-9633
user426,ZLWDUBhPRSKlb,969 YrfnOb,cVDjH@yahoo.com,615-823-0811
user427,ECrpZEiLImPzn,844 evMVdC,QWGmy@msn.com,838-150-2831
user428,WgForNLlPVIvS,653 HyPQiE,nhGtQ@yahoo.com,178-878-3057
user429,teoIhudTTisIe,856 omSEXm,CwVTm@msn.com,669-459-1614
user430,PZEhbFtHTXBwi,584 gSGiYF,WbIpL@gmail.com,307-945-7153
user431,ZxyvodlrHVLtw,672 BXLYrs,UhmMN@yahoo.com,407-990-9189
user432,PcRzAAhrxvCHT,052 WSyDAa,WLlzs@msn.com,108-854-3740
user433,rqFqZYYtqDAVW,329 nRavHq,chqaF@msn.com,691-512-2818
user434,MLcJEFoUiaJRI,276 hAVxRw,pFTgz@yahoo.com,366-765-8685
user435,hUwFBLnxpiopb,025 nFlzat,EKgby@gmail.com,820-361-3349
user436,MDqZLnCiwGxPe,811 AkOJkH,XkdVC@msn.com,768-252-8206
user437,VozJEFAcdkrgj,814 mcHNAG,MIUAu@yahoo.com,588-618-6964
user438,LfhgMZrmXvRDl,392 ZSyzsm,rpSRX@att.net,725-921-9761
user439,xQrBcGaTNhqEO,894 FqCiyt,dnpmB@msn.com,502-520-5508
user440,JXajCImBXKuRN,244 rdBWaG,howep@att.net,974-087-6211
user441,ezQpFxJiXCKIF,471 ImUZiE,xKdDZ@msn.com,501-285-1066
user442,TgRaNaSVHCALJ,051 nXHLNg,uaPeP@yahoo.com,832-363-5451
user443,cKDPdizaCZsFA,272 fRGNRb,kSExy@msn.com,371-740-1175
user444,ULZKyfyAjoqzu,593 FsWElx,TjMMb@att.net,623-114-7176
user445,vNqzEMQnxBNbV,613 xJmmEg,IoQgD@att.net,167-755-7286
user446,lLkTkKtXfKCxQ,902 EYuAEI,udAqD@yahoo.com,553-620-0150
user447,kQtluwunuYRsj,084 YzsxMk,Pybjs@att.net,433-675-8264
user448,ERtNQpFNspyhY,367 yotElC,IYWOP@gmail.com,838-877-3712
user449,NhtVWcjSwWZPO,882 jnMhfP,zwoYg@gmail.com,391-819-6257
user450,gPntQAGosKXHU,196 yYRCeb,HTzto@att.net,002-317-7971
user451,uAjTAodsiscxs,509 VXvxcy,PDLLu@yahoo.com,382-794-0344
user452,yxbFdAyXRJdEL,375 hzexQD,FGunQ@att.net,418-191-3433
user453,MmOYRSbVZCNfN,700 YdGKfZ,OqXIW@yahoo.com,428-070-9062
user454,fTbxfWlGsGabX,300 FHCGIo,ckFnO@att.net,352-058-6775
user455,jUyQlXXAdnVBT,317 jcGbcI,qYYag@gmail.com,262-945-3373
user456,ZZrmzTcpxPhuj,539 gevnrE,DXDsa@att.net,287-356-3469
user457,DKtTTygtnvLei,955 Zbesti,pQGUi@gmail.com,599-968-3862
user458,WmETiIvideBWY,480 JwCgqf,JGCEF@gmail.com,825-572-1549
user459,ZPlfwQfbDvYnL,908 LySNkH,MKucf@att.net,786-325-5725
user460,YvAfqLTgygVkt,415 YBSXdH,lvpRd@msn.com,965-664-1900
user461,bOmcWEJRIArkO,447 TIKpXh,cmltR@yahoo.com,013-065-4566
user462,OPfwgUqmdKGMd,585 mstVFW,vlftQ@msn.com,901-357-3065
user463,yYldYRIhmomGY,833 BYziAl,tCdIV@gmail.com,070-200-0173
user464,xAUchsVyOaobQ,179 rtexKW,dCttv@msn.com,546-396-6121
user465,TqxoXxsSsZeCK,877 AFuDFd,mEUwf@msn.com,583-356-4328
user466,fDlbFWKrbLKyQ,603 Rzgaqn,bDWHq@yahoo.com,835-400-4221
user467,ffxZGzaAQGdGi,707 EssiMt,MCpcc@att.net,829-601-6729
user468,rUQZLRZxvMArl,480 YONwEO,IneMm@gmail.com,096-196-5697
user469,ybZkUBZBVyoZV,436 aiHbuF,MGDUS@yahoo.com,078-048-4026
user470,rkOcZfEvPyzCL,361 MMUGph,lGZLF@att.net,325-912-1836
user471,wqHxGJjrkPhZy,718 GhJXzH,XjfjE@yahoo.com,591-722-1775
user472,sNLwkVKwZevuC,604 HqzvQB,WOFDs@att.net,385-880-3660
user473,dZoBhmUjGqSQj,722 WgHCGf,QBYNm@att.net,380-365-0375
user474,CoAkufijLEBot,777 FBeKhq,XCIbi@gmail.com,603-710-6394
user475,jhcKvDIqiwArE,965 EUacdp,AXGnP@yahoo.com,437-061-4970
user476,oeyvgMGDEvCKV,484 RYjrLF,mYUfu@msn.com,802-674-0212
user477,grCXdyYSqgprZ,585 cMyLjN,KFZGt@gmail.com,500-686-9871
user478,ycnUEOjCLgndN,644 TZJOld,xZLYK@msn.com,413-415-5980
user479,LRsFHfHAIlwCp,869 ikMHUu,xIDKV@att.net,402-225-7940
user480,ncWSQYlznEHot,431 pTtfNi,mYtVI@yahoo.com,192-495-1016
user481,YslguwNLYacOr,793 vDbJTK,RVwdx@att.net,588-255-2080
user482,zfkSQEkEFnnHx,720 PdRnbB,DUHHw@gmail.com,284-612-3325
user483,YKbILSrzQTHGq,375 ipwmsl,XZEfX@yahoo.com,192-621-2054
user484,oWhPtXRsxbHDB,182 PGdiGG,PobDa@att.net,961-412-0905
user485,RrTiIRVqlCypK,073 LaTYnk,LjlBS@att.net,523-849-6410
user486,OSfNOHeDqOKxe,351 OgyDVH,mBQzE@yahoo.com,824-463-5081
user487,WYKMTJreddeOX,569 tUEpaM,lhQdk@yahoo.com,364-068-4729
user488,hbBkFtBiXOKnV,365 auWPeZ,NnNyP@yahoo.com,617-987-0054
user489,mWXXCfsKWvnyP,864 WLgvvS,kBeYl@gmail.com,683-611-1675
user490,krqLlrbrXtNrs,780 FclTSN,CDBCp@msn.com,611-889-1168
user491,uFXDZdZpQNwna,079 woDCKi,IoKIU@att.net,432-189-1219
user492,lgxNIDNVAhlYi,649 enaKCe,MWCxi@msn.com,015-536-6948
user493,AIEtXIMGJaaan,061 gZrfIY,dIkaR@yahoo.com,457-108-0415
user494,NILfOxvQgHOdr,415 aVnagD,xhBfs@att.net,416-111-7864
user495,AITumwXQJjjUr,288 DQQgHZ,PxQgx@yahoo.com,931-765-6866
user496,ppsXNKCkkstHk,334 JyeQWr,JcQVX@yahoo.com,019-781-1427
user497,NtzDHHkGtpVYP,445 QKtFUV,xolyZ@gmail.com,538-971-2345
user498,GIPVtKPRPiKgw,559 nfuNbj,DjAUB@msn.com,228-135-8485
user499,VvSXasZhiBMCO,501 VGYDMF,jMmhY@msn.com,427-098-9447
user500,kYiEtemqlLxLL,691 wlpiGf,hTxIU@msn.com,198-382-6163
user501,wMoXbRpBRYOrw,330 iPjFCs,RbbbX@gmail.com,272-986-7881
user502,IfGtYoIslkTHp,861 JnnTYl,ywRhm@msn.com,331-158-5278
user503,srdjYajAGVXxD,558 CTlPJr,HOjyc@att.net,176-873-2190
user504,HLwBucLGdtQYU,791 LKNcNW,qNSsO@gmail.com,067-964-3431
user505,zAfIoOVLteGBh,740 rSzlpj,JgcTA@yahoo.com,547-751-4815
user506,qbbMQjBzaOiFP,453 tugFGF,LSSDR@gmail.com,504-267-7238
user507,fXNLpTQjZgBKW,980 RErHEY,xXkoT@att.net,044-916-9229
user508,afnJuwXZFtUAn,945 qSAFQz,QEPem@yahoo.com,169-248-4644
user509,FqAapRcRHNQwv,191 DesutE,vFNoS@gmail.com,132-187-9694
user510,mCMUxoZqHMFSP,369 QTRqOJ,Nxuau@att.net,756-210-9928
user511,lxoVjfjQtxjvd,576 dmTXjI,UFLNz@yahoo.com,108-897-7119
user512,yiMuvlVxaRXnw,939 yYhMRt,zecwX@yahoo.com,899-903-1626
user513,QCVTlmxjkuHwP,886 bwSZaA,lDEpg@gmail.com,512-372-8282
user514,XqKcXNLgpJBfX,328 WHoOIp,OaYQm@msn.com,702-091-3739
user515,CxAACsRXddxHw,386 rrUdRI,AQCVF@gmail.com,924-216-7031
user516,GloxPZVWjoihx,092 BNkerz,cqHHB@att.net,814-683-8490
user517,nGcgzpuHjPpLj,679 ASexuN,hpSrU@yahoo.com,210-284-7382
user518,doCmLPaPEUgQT,313 YJvvRO,OLICq@att.net,359-151-6984
user519,JvBndmfVeBaNE,520 BaPoyN,ZrzPn@yahoo.com,773-849-3260
user520,npACGAQXODgfF,485 BHcKKc,QIkgX@gmail.com,602-776-7233
user521,LeaHEZYYTgWjf,674 OHJRCE,EAsMf@att.net,479-748-4267
user522,tSnOMehmtThNw,877 vBUdjA,YupLf@att.net,835-343-0753
user523,sXyTcsbMDVLny,111 TIhhSR,PoXIX@yahoo.com,918-620-7859
user524,DqrWoMEaTKjjK,948 MLgleZ,GxoMs@gmail.com,113-296-4176
user525,vKXJJkhcbttDl,047 ZJBUgv,mMWxY@gmail.com,336-470-4051
user526,yilnyhVQcRXwE,386 aKHNkt,PksbE@gmail.com,243-697-5058
user527,LWzETONUPxyQg,927 BWlsla,ubijm@yahoo.com,851-703-2638
user528,gSoOshiTIaSbu,470 zahdVb,nsxdn@msn.com,056-519-2114
user529,gtEQdKeksdTxI,423 TmoijH,Hndua@yahoo.com,413-408-5200
user530,EYyryJlWWKXwi,470 XADvZX,CNBhq@yahoo.com,025-176-9265
user531,HnFNZWgAEUNfW,521 FiXLtI,YgMJW@msn.com,864-016-6775
user532,vcLqTpToyNQGY,366 zTEdHj,CRDFH@gmail.com,284-535-8859
user533,zlFlclBcYWccI,995 RkLgqo,JBTVH@yahoo.com,633-032-8606
user534,PPwcknyzjwCZk,800 HyMPxA,iysVf@msn.com,633-401-2669
user535,DPsHordrALfsE,571 nhYOIJ,BBnId@att.net,332-031-9422
user536,JRNBVzLJLhXNa,591 PtGpnt,xOSuH@gmail.com,559-039-0498
user537,VkLxfGBcrnvkT,219 asWPoy,JuYNQ@yahoo.com,652-559-5050
user538,cwOBwnfabzUIh,164 dupaxi,RXJTD@att.net,051-840-8348
user539,qLQKOkjmhKZwo,475 oKuyiK,xjiOL@yahoo.com,584-989-0227
user540,aswcUzaTblMWX,183 zPFqLu,KMtxB@msn.com,402-871-0256
user541,ipqAyjHmscRcC,531 ehrSjd,zBINu@att.net,867-904-6206
user542,JWKjrEXksmAiT,112 yJgYbc,qrGsV@att.net,056-093-0469
user543,tIWhdbpsxycnm,179 IVwYCE,LCBtG@msn.com,752-356-8559
user544,uXtkGJIStEffG,337 lIgrFl,bIZoH@att.net,580-950-7554
user545,BuAlUSOkFXscU,140 sHapjZ,sFmoM@msn.com,385-473-0994
user546,vSquOrraRKxaH,426 cWucmj,rzPyA@gmail.com,985-251-6487
user547,DtNfLjZezelMR,693 rkvYAp,uWPaP@msn.com,777-953-4354
user548,FNwDKOhhoESXf,960 WsktEu,qYTYO@msn.com,559-900-5850
user549,wcjXsRVLNJmRy,703 twwTKC,VrFYb@att.net,384-032-1731
user550,thOjeiqWxiZWh,394 dbMgxB,uqaUb@att.net,695-787-9532
user551,muRVwNrxIsXeY,683 wyIHdg,Lrmfs@att.net,052-894-1565
user552,rSyNzkCMQLQTJ,888 IEGrkX,crmhG@msn.com,687-490-6302
user553,IadwtomADBEdc,771 YwWzXy,DPWWk@att.net,965-707-1113
user554,vfEpFFuEotEpI,995 AhJVBk,Bbyoe@gmail.com,367-144-1982
user555,jetdAWGQfEDxG,515 GakLmL,BuMrV@yahoo.com,287-276-9270
user556,KhwXGUgywdZJv,832 vrmSHd,RTVFs@yahoo.com,973-893-1863
user557,SSBunEVjgIuye,929 BAzZxM,SaMrG@gmail.com,034-766-6767
user558,ZbEQieIPMMHGL,526 ZlLqLR,zzfhb@yahoo.com,003-810-7491
user559,ukQGlKmVwzYow,132 EgGLBN,vGMJC@msn.com,438-238-8987
user560,lFwqIKJGKSvcS,603 XtmUlp,ZdRrv@gmail.com,572-548-2776
user561,LcpclyPqHczxE,430 CYYVhP,XQaCS@msn.com,952-001-9048
user562,RPgfKmdoQzMtR,516 msezBD,QYLkv@att.net,793-787-3060
user563,aVvoYdQfJXhmJ,765 pNWgEP,tccgo@gmail.com,739-402-5757
user564,BhhbVzxkxHLrf,341 KaIIoa,ZXPFV@gmail.com,470-995-0848
user565,ShIiEuktalLRy,380 BewpQH,OoYBx@att.net,275-289-9661
user566,qhdBOwzuXkCNT,656 MBxPCp,tFWez@msn.com,839-653-8647
user567,hEEdBHtaozWrb,042 gjimvz,zJxNt@att.net,132-459-0605
user568,VYYJhibtkwuCX,209 kidKfm,jIdum@msn.com,517-662-5218
user569,LseBqdiLuyXfo,434 nuYjTK,aBnon@msn.com,596-534-2071
user570,feCrXVCJeaYcD,296 gsZyNq,QWPXh@att.net,250-588-5249
user571,rWkDTGuLcZcYc,370 gkWArS,fOaTM@yahoo.com,057-601-2320
user572,oUtkJRehSOyJq,303 zVqHWr,KLYcF@att.net,433-120-3532
user573,FkBgsIitonGJo,912 YXqJwC,Nlfvm@msn.com,086-039-6226
user574,yVhZvNQSTDaZa,801 XKjvCl,AtoPr@msn.com,469-179-5498
user575,aibfriiEOIbLe,216 UOSDgq,jWSwP@gmail.com,336-681-7638
user576,fHHOwJqZYcAxb,379 cVFLtY,YuLPj@msn.com,437-091-2910
user577,tNNPFCuoUXFMU,085 cRcdWw,QvZUr@msn.com,541-443-8620
user578,gxNStVXoVzViv,842 hWYcpq,VwvYj@msn.com,183-442-4603
user579,HhmNlMruDVyEL,022 gvqDqU,kzjcY@msn.com,466-228-8360
user580,ahqucAsJemXry,965 blHAdj,AGBnT@yahoo.com,507-311-1738
user581,gaXUMdTNmDVGt,780 HemGmZ,RHCSb@att.net,904-579-2138
user582,EigOObnXqoIof,072 tcoGVY,xoTzB@att.net,631-502-9518
user583,saHSepOwUXDzQ,059 qBqUGA,tDTGV@gmail.com,899-414-0046
user584,uLLXsQNOIFlmo,121 owaeJs,RtsgF@att.net,331-845-6462
user585,YboXjNwGGsJoN,033 hCMKTc,nCObi@msn.com,214-806-6898
user586,FJdkYgoWdCwBo,743 rnQiwJ,NuZOH@gmail.com,462-304-0156
user587,nCGetlATirseN,707 BfZIEd,VffUr@gmail.com,183-111-6590
user588,PbLMpWWckyakQ,542 AvPvDk,QKBEn@yahoo.com,217-773-4231
user589,gjgMZGKvbliTi,194 HxNuft,uNQwF@yahoo.com,690-093-0651
user590,nyOtOlXvFzxyt,825 gNAONZ,OaXwm@att.net,896-656-0893
user591,ziwqvcfMZtdcY,039 exFmUM,eaaLK@yahoo.com,739-421-0278
user592,eDrwFrtxKDSPV,460 nYbAsR,meyAg@att.net,314-334-6999
user593,JwqvNHoWllcsJ,661 NaiRbZ,HvgBf@att.net,244-864-9077
user594,GVihKOILqxkKk,255 qTkqpe,kZhqD@yahoo.com,627-724-2637
user595,ojytCVXmOUxPe,036 Hnvozy,IHJWl@yahoo.com,723-324-0174
user596,shJaCBxsalWNb,124 sJoprA,GGWeY@yahoo.com,465-459-3767
user597,cqogzVqAskLIx,826 LSdJXk,iKFvr@yahoo.com,041-920-8577
user598,MZnBTujjQOUWJ,874 zetqlJ,amkRK@att.net,748-850-5736
user599,pFOpZzySrsEET,043 lomEYg,xabsK@att.net,652-097-0510
user600,gkZivXqmnGNle,544 dslwbR,WkNSd@gmail.com,966-507-1751
user601,XYWpjwbaJJFFw,966 kvbKsq,fEIRm@att.net,340-831-7824
user602,vVtaLUFxQFpIh,239 UkyjPU,UmPhu@att.net,367-527-3091
user603,IEHpHSpEmoiPB,609 zQcWAc,cecBJ@msn.com,217-745-8983
user604,VpqEmQScbGqEt,260 WBDwxA,NlIop@yahoo.com,855-298-9931
user605,TOqGFXsJWKTSt,012 pHPMZM,hmWvT@yahoo.com,388-479-4392
user606,gyTlsXtqakbIh,909 xlwEEk,wAyiW@msn.com,947-196-8208
user607,gqHuHoULrfJKX,773 sggMRb,aCqih@gmail.com,430-177-3407
user608,keJESWfpEtdGP,946 kUkexM,KPfMo@att.net,520-771-7343
user609,AFDlpWQGyYnnW,989 jGQowj,WSWjm@gmail.com,917-048-5931
user610,cFbyNPdjilGQW,491 mDSELk,pXFfi@msn.com,802-054-8129
user611,RHwWGhLjOMQyu,894 jfjxeq,YaBNi@msn.com,065-585-4735
user612,zGuYOCoVRenrf,930 RXXhxs,qIZfa@yahoo.com,336-312-0468
user613,pKBAIMFYSctah,486 Lvcdge,FPShc@yahoo.com,277-486-2362
user614,sWLRXBJGBwOkO,957 WjFrVO,AHugS@yahoo.com,698-944-3088
user615,UczlYoiJhbmOO,572 iGwWpz,bAdRU@gmail.com,996-710-4802
user616,GfkhsHOHPPQZe,320 zynmSi,JGXqJ@yahoo.com,790-381-5273
user617,VZbWdjWZRZvis,851 vsvgWw,atzMS@gmail.com,249-462-1899
user618,AlihvkzrgDLOz,012 tJgAIk,spNRM@yahoo.com,328-734-3066
user619,betxZwGwaauuQ,283 neDLzU,YBhsm@att.net,974-694-5244
user620,KDKXTcgLyQMmO,616 yYDsXS,OMEHp@gmail.com,152-662-2567
user621,NSPoiPxcrBLMK,663 YNJCey,VtJBh@att.net,389-309-8920
user622,uOhRMjVKcMNah,233 gtEwwY,WZhhu@att.net,924-667-4384
user623,VZJfXnvQNKnBc,502 VSLzPK,kuOuG@att.net,190-739-8607
user624,ymJuHgdMgWVLM,057 nUimpZ,yuhSX@msn.com,132-180-2063
user625,ndvFJvHADZoAt,251 KVgRAZ,VnccW@gmail.com,321-027-4283
user626,KgpgCUKytlewG,323 CPnGID,gsYDX@msn.com,992-963-8457
user627,oEYGoTeNQwBFS,677 whWcAZ,xHwMw@gmail.com,827-196-3925
user628,hcmLpgUbMUyPu,439 BMpmAt,qhGqh@msn.com,784-095-5705
user629,udVEZJfkCrbut,569 TahRHM,hzOCA@att.net,235-773-4166
user630,CyUqHCouCwVrh,723 hQcsGc,wZkpb@msn.com,334-895-5177
user631,IUBJOlWaeJzwI,802 ZfEirQ,CnKRl@yahoo.com,782-284-5147
user632,cQqZWmRrEyQJq,563 NqNwbP,SUPQd@msn.com,706-835-9629
user633,IZNiiREtTaooz,475 vmXnnU,JQIma@yahoo.com,233-238-0495
user634,sZRasBerczAOk,412 zMWBqb,irAtG@att.net,601-919-8111
user635,kFEexRobWSFNb,369 cIcTOq,XRNgc@att.net,818-478-8166
user636,MBFGypxsUKphr,924 uxvhkw,WyMHI@msn.com,687-364-4320
user637,rMsGLCUaaAPPT,447 aYYxSL,DSLPb@att.net,265-233-2453
user638,XelWNJHejgiwK,032 kNnAEw,qKRlC@msn.com,107-236-5271
user639,fBEsDwydGOFOt,241 oMRlWs,hTZwR@yahoo.com,433-607-1684
user640,DMqnMzYCtWEsw,720 JaMgMk,ORekH@gmail.com,445-932-5274
user641,KxVAVhZaNPwIU,878 qUevZY,TdTPc@yahoo.com,806-719-9004
user642,QsdiMXXpjfZME,364 CJMBVD,IIuKj@msn.com,418-287-4435
user643,aIoBSNVmHmmnp,691 KMktBp,Iljrk@att.net,477-360-0179
user644,tYmVhmwnAbcBu,650 TIIKHQ,IrYCz@msn.com,994-661-1737
user645,fehLJLilsRMmm,205 ubWgNY,vZfpq@att.net,776-062-6035
user646,uqmbtBHRUbIZu,137 HaQBdx,KmHcn@att.net,043-550-1693
user647,EUiEMznmbNZoq,477 kTTpYl,HLpXr@gmail.com,356-443-8964
user648,BLIXKlRlFhupw,171 sdKSen,RdTed@att.net,494-814-5744
user649,XPdRVTDNyUAee,321 qOjugz,kmgUt@gmail.com,515-774-2473
user650,QzgKTSNRIqdNs,367 hbLKyV,efXHd@yahoo.com,970-530-1071
user651,qeWPLwXNDmJEw,273 yAEKSf,cHiPE@att.net,746-310-0574
user652,FuDIJWraogDpz,247 JzgOnT,BiNQf@att.net,209-097-0329
user653,VbpiTQaMCjLIl,744 AahRxa,GETQT@msn.com,795-849-6608
user654,vnZDduNELqwqF,427 nNQsrR,qOqxe@yahoo.com,538-778-5498
user655,tjeBzosjWMrHM,544 KdXIlE,hAaoc@yahoo.com,984-590-4380
user656,mrjGjAydiVgeE,955 AHYiys,vchjW@gmail.com,289-997-7633
user657,RyWynQTCtZoVW,261 psANfG,BDduw@gmail.com,501-962-7691
user658,IlwJqIQEUYAMB,895 ysUZUT,ZCTPs@att.net,423-880-6260
user659,oavxApHUrEBEG,676 hoSxND,SmBjf@yahoo.com,531-310-1684
user660,KdktvKYSSCZYI,985 hKjFvw,LTiSk@msn.com,292-518-8042
user661,iAiDakDgorwnf,431 iXepwj,vySqm@gmail.com,700-137-8294
user662,KnTXPaTpmoFVg,774 pqocvv,kBvly@msn.com,981-681-3561
user663,vgRunzopAzoki,440 aFdAfF,WDzuc@gmail.com,368-195-3682
user664,EKzmUFcplnXhy,790 AbzfHT,kpdEN@gmail.com,911-779-7120
user665,RoXZIIMMCYErX,363 jnZoBd,hdktS@att.net,586-328-6867
user666,bwAVttnFXUJzZ,956 EyZqZk,LltRl@att.net,221-728-8180
user667,XssBjtQgznjtI,247 KBASEy,NgJia@msn.com,458-046-5998
user668,mxnpWQbMCDgGA,967 dwzAbh,cxVwL@gmail.com,009-194-8845
user669,IfPHsTlgpGctB,852 mcoBDg,vHlzM@msn.com,108-703-8389
user670,sthSyUzJtCobE,309 YltMYT,ADndl@msn.com,940-725-0978
user671,LmVzllkdOiTEP,804 iByawv,cevde@yahoo.com,765-838-7405
user672,uTTLlHGJjEDKi,961 uMevOX,EolkZ@yahoo.com,660-417-5345
user673,YGYEvFYhfmQze,090 CETdqJ,bmILx@att.net,784-052-3436
user674,FareXCcvtPzqQ,006 ubuKTb,FXgmL@yahoo.com,182-962-3757
user675,WrjeFNBQYWgVq,579 gQVvOv,mSdZk@gmail.com,090-674-1678
user676,AZCjbIFvzBFkw,519 NKkwGZ,AqKnm@att.net,450-153-7288
user677,KcrFdiJBUQmUg,637 yZVFDO,IdiGt@att.net,925-461-7553
user678,caAhHPFvgwGpu,265 wYgBVR,jwQmr@gmail.com,792-164-3983
user679,FcVvlxhpUTdVW,673 GkMJya,LQLLI@yahoo.com,365-087-2886
user680,ThXejsnFVZzBg,607 yUFChi,ocEOW@att.net,784-689-1160
user681,umiQaRIlelYDs,702 SdkLqK,rfJjq@att.net,547-877-6019
user682,EZDgFFCsuGrCW,868 eWUuhK,mHhMa@gmail.com,547-854-2021
user683,sznIMszBuzkIG,900 zJOkUW,zoPcK@att.net,939-257-2597
user684,bruEfOyNUfFbG,745 MwUKKA,BldAB@att.net,235-136-2607
user685,tGgsPwJVMAfAT,689 ubgqtL,raFmX@gmail.com,712-239-1796
user686,podPNNNyziDTz,157 goxJuz,DuMpE@msn.com,305-966-1066
user687,KvGCnifjsRkrz,660 ClsyAF,FIHjr@yahoo.com,651-702-3624
user688,PMXEESexFHKrB,837 qJCzTj,xvCQh@msn.com,987-388-5507
user689,vOaKkSFuzVNLb,191 CHHJio,dSUBM@gmail.com,105-628-5578
user690,LkKMOqOPRfuBM,432 eQIpmk,BSGVH@yahoo.com,704-009-3490
user691,XrzgpRGdahbPV,137 rTNgUo,GbIaH@att.net,065-429-0620
user692,sLelgNpFJQECA,321 lypfhm,KmohT@gmail.com,488-027-7767
user693,cQGuNEAAtqnxw,030 yjgKlX,YLUIs@yahoo.com,743-139-8291
user694,YAVhHckmmYkDr,081 GrsTGX,iWzrE@yahoo.com,923-157-7464
user695,QDGlCcYElhClp,142 KacmGP,hfhcQ@gmail.com,999-796-2754
user696,YZMGDhSbPXFme,600 iRuZIf,ZSOra@gmail.com,796-092-1793
user697,qNHDxxwFsMRSg,610 JyNsNA,vKFKR@msn.com,575-364-4489
user698,NetEWfUEILiNd,503 oWmuRV,VdSsW@gmail.com,015-531-1975
user699,JfQOpkuvCDRPG,150 brTndn,pMPpI@msn.com,380-719-0362
user700,uymLdllDoaanU,119 yjXNXC,wgvNQ@msn.com,766-287-7658
user701,RaGDpClhgpVbD,725 xYmPgW,oDpss@att.net,300-717-2297
user702,jpsJVJMgOMLZX,297 sAUVBj,NhvMm@att.net,662-023-0420
user703,HVhTJKjUYQldd,689 deICXv,wqEkz@msn.com,056-154-9764
user704,gKUeKiHzxZeeg,015 XObwCt,KzkWn@gmail.com,050-674-2647
user705,OCmzcJhELvsSB,783 dGzrnm,ULbhd@msn.com,827-419-5414
user706,qohhCdtRdEqml,147 zlndMV,aJebd@gmail.com,843-609-5071
user707,mbwzVuIzvvILN,128 ObeBKU,rqGzC@gmail.com,962-995-8531
user708,BNqUcoXzEnIci,084 EqeJfS,JJmJO@msn.com,253-102-4297
user709,JTwDDEcFkDDiT,012 oyzzRP,eUDgo@msn.com,382-183-1521
user710,zBaagZIWypqbK,745 rsWlgF,iyckI@gmail.com,791-396-4542
user711,FaCvhEtrlczSG,066 YMQQUY,JfAko@msn.com,211-436-3445
user712,qjaAeWDtsQito,851 SJZGHv,pUmNu@msn.com,545-618-3825
user713,qMlETflovpmpl,718 StZdse,HZsTf@gmail.com,615-715-8516
user714,KNDUunVYdghlB,052 nRTanM,AyKeL@gmail.com,112-137-8307
user715,pqDWFjtLKoJew,412 EGAbrW,evfIO@msn.com,990-178-1512
user716,IDKNndSvcxcfr,698 xGsZsB,uXKdk@msn.com,474-111-2061
user717,hxIctIXVHHmKA,830 UMdRqV,wnhuO@gmail.com,998-769-1583
user718,mGwZjjDlYpRMJ,919 zPRWPo,FzKoS@gmail.com,342-616-6729
user719,QIYkCCYwjQaZH,577 XTIepo,FIOvz@msn.com,337-615-3703
user720,zpbFMdRaNfOqA,685 ToxLAR,HWfTl@gmail.com,110-862-8274
user721,GxSylHukYOLbK,457 AnqUuo,FquUg@msn.com,773-426-5619
user722,BHwewEXxUQLaY,513 POxGKv,HsCkd@msn.com,810-094-9530
user723,QLAYmQaOEfAOO,771 dHcFiI,ZMCzP@att.net,556-924-7903
user724,SXhNBANRYftgo,071 ewbbHD,ANFtc@gmail.com,143-333-4408
user725,iSWNAyWehCodb,617 aiLBYK,bBQiC@gmail.com,537-600-5670
user726,NVahosQsszILa,984 mHnPMC,cmlfS@yahoo.com,694-161-7160
user727,ohzSJfOTLCShO,799 QkRaQi,lMiIc@msn.com,380-447-8014
user728,IGDOTMFLQjGaN,541 ButNHF,POanH@gmail.com,147-675-4078
user729,GZibazNzRRAbn,581 XtOdOs,tpAbg@yahoo.com,636-522-5576
user730,dXNDmSJCxVqlM,021 uDPjet,eVysm@msn.com,916-361-4775
user731,FKlsyBfnrxNXe,877 GHGIeT,ZDaSg@msn.com,741-907-7155
user732,DtPTSoaZdyboI,378 VLposo,dnrfE@yahoo.com,990-103-8952
user733,YgSHCCPZlnZsv,818 GwoAMN,tzvHR@gmail.com,727-871-1602
user734,jWSaBOqKdoREl,502 ihCCBZ,NCrPz@att.net,902-722-8222
user735,oiipmgdDfDQkA,088 VDEQhx,VGaEs@yahoo.com,640-601-1868
user736,tJbqhCieqDgrc,476 Uutgqe,yPiEY@msn.com,688-215-6560
user737,ImzVIsdtBFDsO,059 mBZLnx,cKpFT@msn.com,455-552-0924
user738,uMMDowSnSTxhV,192 dsBBVN,jgKEn@att.net,868-101-0792
user739,qyHDIrLYfINOj,168 beUkQy,uVtQO@att.net,370-573-5319
user740,HmRUEueoNoNoh,878 FVtcsT,gGOCY@att.net,767-126-8485
user741,wWuGHFGUdrIeF,995 rNluAC,PCNYG@att.net,747-915-4386
user742,UUilgMGeKmMBq,350 lCttXd,bXaQo@gmail.com,250-962-8638
user743,DJKgncYsqlyxp,819 oHblUC,ardyj@msn.com,936-099-6267
user744,OudUGGJijsEVf,067 xmRaYI,yDaxo@gmail.com,970-936-4318
user745,VUUDPbWgSnSzc,162 ZJbEnA,IMLPJ@msn.com,264-798-9688
user746,uklaFMsbkEnSX,469 UZfmns,bOIyc@att.net,732-774-6081
user747,AEKXaFXwbhvxv,910 tDXlpu,CGCjx@yahoo.com,215-287-0945
user748,oTWJbuMDnIaDW,529 OtDvwz,mmWvm@msn.com,142-130-4306
user749,NjkrMZJmaIWtZ,260 DxiLNn,TnYde@gmail.com,753-757-6086
user750,TWShjadLCRDyU,547 wbTRiJ,eOZQi@att.net,899-149-8963
user751,QdbGVdJMcZBZh,743 kNdsmu,jQUuR@yahoo.com,835-963-9825
user752,EiKjCnVuUFwtu,121 HciAvV,qMbME@gmail.com,052-640-5579
user753,slnhCFEeFayjU,151 HYfwfP,mhIIx@yahoo.com,420-739-1353
user754,tkbPelJhKfJmW,419 lcTbUG,VWufe@yahoo.com,012-150-1420
user755,nMITAXXyAFvEG,567 xalgCs,UepPQ@gmail.com,706-264-2468
user756,StPYzgccWzLdG,490 HQapcI,lpcMX@yahoo.com,742-933-0419
user757,JeMMZuhKiOFFX,219 xhByBm,BbCSG@msn.com,317-351-7297
user758,AYNzWkBRGNIbw,035 QLPfSs,qszpB@att.net,211-999-2833
user759,xxNhtHQQBybQV,499 cOIaaF,XWdsU@gmail.com,020-968-9863
user760,kLvkWzlhoLaGw,304 XuWYIx,MprNG@att.net,161-139-9076
user761,sWVEIhQyCRjEo,918 tnZrtz,umLvz@gmail.com,028-176-8500
user762,lMvhwToSGYBCG,427 eogEjh,LBNek@att.net,497-387-1199
user763,zelmzeRXBeUXM,013 vclfWU,dWEcH@yahoo.com,523-145-7356
user764,jtvrXUopluExn,411 TBsnax,DcJNJ@att.net,680-772-3010
user765,LvkBTvLAupVNq,296 pVmAJA,mGIJH@att.net,937-468-6926
user766,BIwyvZKUuCBob,569 YSHTey,ymEXO@msn.com,873-756-6668
user767,wuVqyFjxnzVHa,275 HAyPNd,KwBPs@att.net,575-002-1738
user768,ABJnNOBwuZQPl,858 Kdefav,ePOZS@msn.com,174-570-3111
user769,ylDgBZNfEngSd,606 clUHbR,OUafw@yahoo.com,317-003-3549
user770,OsjaOBjXqMKdI,250 iqXFww,bTotw@gmail.com,464-513-1419
user771,ZUTxtVHYcqSxx,602 gSguDs,EhLSD@msn.com,294-058-8983
user772,wZgNrCRcqwwiO,242 Pygxtb,QDNOO@att.net,540-306-6312
user773,GmTqmmrRNfYaz,160 IsoWtz,ZnQHF@att.net,295-592-4090
user774,cHbfSLosgZTHr,904 XtwKfx,OLhlk@yahoo.com,325-717-9227
user775,GbPCNCKbQmEoA,277 CkcFqs,JblJV@msn.com,736-589-1488
user776,RSQIJXpYiNDZx,941 cGHcuU,BqzEg@att.net,401-513-3657
user777,AHpfqjCcwOhJb,423 CFjofM,oQBMl@att.net,976-881-0393
user778,soAIAGqBJqPgF,667 xhXONM,TLQqx@att.net,016-963-9715
user779,kfIXtpnMnuqEz,817 CBaGkv,gZPRJ@gmail.com,690-097-0810
user780,FxHdrSmlIEBMk,740 PcCeiS,pgScH@att.net,077-877-3450
user781,qKILXeBEYGrXw,430 priVfG,JfEUq@gmail.com,994-614-7616
user782,wVDPmcGpuRpyc,014 hvikfY,BDguE@att.net,658-765-6543
user783,jfaBQTRrxdoOf,541 PBrQjY,LCvgF@att.net,534-121-5252
user784,yYQnjyqiepvXm,312 yxStsj,lQpkS@att.net,277-921-6362
user785,AehdBXLntiMbw,972 AQJixs,UhZtR@yahoo.com,317-823-2652
user786,PzosbCqYmUlDP,526 fSeyrQ,JBARA@gmail.com,546-461-8281
user787,ZfELPDQhymHsc,235 zNsPKO,XqpKx@yahoo.com,404-985-5376
user788,zreeUbooXOaBM,615 UXpdVm,RnyIU@yahoo.com,586-991-2763
user789,qvyCzEqBBzTTx,920 JLRmpz,Vhtsx@msn.com,186-995-5569
user790,DSxSuGmxIGOhw,657 DfyrOc,LdpXT@msn.com,633-675-4365
user791,fwiBDZTsqTBxe,740 FKaiGz,ayLMG@yahoo.com,680-093-1182
user792,lCrDgYeKzFafh,476 Aoqnoy,ZwwnS@att.net,720-406-4491
user793,CuTnkqqQBdclA,270 zImMNv,AZsnY@att.net,631-676-4700
user794,OEMowDApTJdsk,016 uuSvJe,yCBoj@att.net,956-847-1862
user795,qdWQLcbwYLwzu,836 FTePcX,rCcXU@att.net,205-871-5031
user796,fEJZQyxLjcVLE,593 EaTruB,nOwrb@yahoo.com,050-506-6861
user797,mMxxNpefhncsD,527 BYZplT,YistF@yahoo.com,288-804-9426
user798,KosKmWiwwghgt,444 OVnQTC,XiGTp@yahoo.com,552-221-7542
user799,NPUEUwHBpFXac,348 GgMUjc,hhpdb@msn.com,581-657-8287
user800,hxmokbndBXCOx,638 NhuvIO,qfRqS@msn.com,831-929-0278
user801,KjoLCvsqnJifn,325 IeATgH,vAOdl@yahoo.com,804-427-9799
user802,dNdnKMaCZJVVE,615 piYWub,aokYA@att.net,909-369-2391
user803,hIKsotDyijdDO,473 TyMrOO,ukPwa@gmail.com,626-037-5134
user804,LCwWvUlZkgBdk,796 IFZGQN,fdIDN@msn.com,829-495-7146
user805,wEnwdOmlYVBOb,086 dMgerE,TTPCQ@att.net,265-485-8144
user806,vAUgHFiLajfbg,790 LzAxbk,UUFtG@yahoo.com,536-270-5849
user807,vqqPiWEuIBMMi,936 nhIFZs,yvDrW@att.net,751-547-9502
user808,GpuIoljHWaHVm,801 hSUMsU,WxrWZ@msn.com,250-330-9670
user809,DYuJWekWpUKzl,694 BbUhNh,BNJMG@att.net,493-459-6317
user810,FSpqzuWQccDLe,480 nOIlYj,zbARX@yahoo.com,493-851-2341
user811,GBdBCiRvNlKvG,628 eYybXe,uCGgO@msn.com,270-724-3416
user812,OZlsPjOQqLqdI,009 TxdZaW,ttnBy@gmail.com,619-805-3588
user813,INHHtfqUUVqwS,418 AbMEBo,ubiwO@yahoo.com,150-113-3840
user814,egaNSpINhHZRn,094 pNlTAy,rYzNa@gmail.com,296-485-1136
user815,mHghZauQygZdp,743 lytqaL,geVZw@yahoo.com,371-035-9428
user816,UCALWPVIcObyA,303 GczQcT,ILFVp@att.net,103-766-0293
user817,FGHoibOawGwJz,965 uWWRHk,piYXm@msn.com,192-489-0686
user818,CYxPVpRdIXqAr,642 IhFpCC,GrAMa@gmail.com,934-808-8074
user819,luFlYMMgLDlPB,290 FuyytH,WVFlB@att.net,448-895-1268
user820,xuhDHUeSodbIa,786 LoCRRm,zSgzS@gmail.com,325-396-0814
user821,cflNZyeXoqrhq,818 celZvl,znaDg@yahoo.com,654-369-8237
user822,GinJCeZwfbIcV,431 JHDcpp,wcOSb@yahoo.com,990-178-1257
user823,JsvyiyYqsrMhr,367 bAltpA,XuuOI@att.net,149-793-5334
user824,vfnkNAbqtSpAJ,204 LYcnND,XfMkE@yahoo.com,232-042-6293
user825,VtqXZsCokdCBI,179 WofjRq,VqopI@yahoo.com,642-566-8401
user826,lsZbDXNViiZbr,671 xqNvAu,ggwYv@yahoo.com,472-320-8018
user827,jKvJUslOzPuCa,677 GfkxRO,qAFDd@att.net,740-478-8173
user828,cbvvYMaCfIFjg,735 SnSbSe,dZcuM@msn.com,246-623-5953
user829,oxpqyrQbpmKxr,057 ENgEvw,vnhzc@yahoo.com,031-458-8509
user830,TZROrmMvvsXDN,033 okEfEK,DEcGO@msn.com,191-435-6646
user831,xXCDMikEVFelM,923 pccNKY,jJoFb@gmail.com,813-571-8723
user832,BAzzjOfFpnXtW,802 VcMVOD,xzAVe@att.net,095-717-9820
user833,BHcilPiJEacbA,358 jRTgXX,OirfQ@gmail.com,064-373-1309
user834,NWJhVYPaqtOpk,307 DZjRJU,TVzEz@yahoo.com,862-094-8112
user835,uOdUXkZNthGJx,888 XjrKaq,IcaVK@att.net,618-184-1258
user836,KhZftwnETvTcC,543 vngSGF,BtkXS@gmail.com,509-896-1410
user837,VqrCmVZBBaPQq,035 ushQXu,mIGat@yahoo.com,414-079-6722
user838,lKIGRdYxOkEWV,305 TAmEnC,dktae@gmail.com,924-995-0939
user839,djknkbeuNzKbQ,816 eipmLP,ywGYC@msn.com,990-178-0685
user840,ZLaVkxEXTZixC,902 HFXnZp,fXphg@att.net,664-844-4503
user841,zlAUnyLaBsDyT,743 ARiSfr,uLWsk@att.net,154-517-2118
user842,dcEQcGZSGYAFQ,777 lgPQAQ,bMTcT@att.net,782-200-8518
user843,yxdAKqyWEEyyt,276 JPaEgw,ZbNwz@gmail.com,009-454-8913
user844,jNxDqeQlbORWT,162 XdFAtY,VyCIK@att.net,009-052-4430
user845,TFTHVNxfzhqFF,285 ypFSJy,ssQKu@msn.com,285-025-0519
user846,mZJjEiBfBWlBA,490 VqoTrz,WOpte@gmail.com,699-091-3418
user847,PjHhesIEACmrw,643 DSLJir,kqdVu@att.net,060-029-6291
user848,ZCcmceRMGotLu,707 aLnabs,sahdm@msn.com,883-298-8894
user849,hvpeVuLRrnHTJ,134 BTVIFn,KNlAP@msn.com,117-327-3544
user850,UQufcmJlrPTFS,365 wkFmze,FWIXe@yahoo.com,168-024-4507
user851,pjSFyjVksgvCU,899 bpffeG,BOlWj@gmail.com,458-711-2253
user852,sPRaFGLfOKIOd,170 zaWVmT,ConXF@att.net,253-838-3634
user853,ovawMemIjBshZ,302 VZLDjA,OFHeX@att.net,452-618-4651
user854,qJAYuXpqaLrba,473 pyTmMx,VGHBR@gmail.com,859-170-5116
user855,umZHMpArcFgop,128 MOkvPh,cwnxV@yahoo.com,835-182-9086
user856,mrIWJYIvNFQmN,901 UvuPVh,kCfTD@gmail.com,251-712-0777
user857,PXRUuzKxxvavt,729 scYBMo,aoPZM@gmail.com,964-822-8068
user858,EOVfKFLaPrUOt,734 tAQSPw,BUNiv@att.net,412-735-2776
user859,gWJyaevJhbFUm,385 SpbZtS,RzTMm@gmail.com,439-718-1656
user860,NGpCciqVMwLZG,760 ttfXBx,aBkdl@msn.com,070-833-1738
user861,vtqChJmHRAHfX,125 XiguyF,wARoK@att.net,948-880-2937
user862,BWFUojYQqZluK,867 MENYsG,PGfsp@yahoo.com,681-011-8717
user863,RKfybJLFcnqPg,433 jRoKlc,bOPRp@gmail.com,556-662-8266
user864,kasOfsvYAfPKv,081 Xijkbm,iMQNU@msn.com,002-818-5108
user865,heANuptETXGoh,656 tvlkII,ClzgN@msn.com,668-663-0863
user866,LcikZpVZgURZt,025 asnIUS,bFfqY@att.net,911-738-7447
user867,raUtLffNWtDHM,686 pIcpcH,WSRay@yahoo.com,253-660-0333
user868,pnPFRTELRwTDS,273 yukcdV,NvjBQ@msn.com,348-559-9277
user869,TssGcgDwcciXn,305 LMgJUy,YpVbU@msn.com,857-667-0813
user870,qIxFWrGTrEESi,417 ESiveJ,dhCVn@msn.com,499-393-5597
user871,bTfGuIYQcRBKt,368 pgaZJC,JVJDl@yahoo.com,328-887-9378
user872,DeJEdXiuoVqpm,685 VMgoXX,CcdbW@msn.com,943-978-7378
user873,QvPGnyYCGWBVV,918 LlruXu,vWPZx@msn.com,949-414-3495
user874,vkOfiyyctLGeb,617 xhRdyQ,EWEEF@gmail.com,334-914-6712
user875,pvCxiWreAbgOF,547 BlVfzs,dYISn@msn.com,954-801-4132
user876,GurdOBLqNVbqF,565 DUfvHg,CbWPs@att.net,726-282-3641
user877,PIgGgtrRaUuOe,418 vxhtCk,RNtlW@msn.com,711-604-0563
user878,lRMAaiZgyEJIg,490 oxcUOA,XFnmm@att.net,236-821-2157
user879,ARdYtrJDZuyWQ,301 oJdMsW,BbqTz@gmail.com,500-887-0777
user880,szDUDoCgSBUbP,011 NKzzao,iEJCh@msn.com,100-057-6449
user881,uuvNWLdQDhRId,763 aSVYJp,bwtLf@att.net,905-138-7939
user882,uwHHrutwmtglR,265 WtojsE,OJBVp@yahoo.com,386-679-3123
user883,akZlJXhGGFIZE,486 IXSchH,ZCucr@gmail.com,842-870-2281
user884,mEiIuEDmzRgAc,458 rRYfRT,hrQlm@gmail.com,898-684-2803
user885,kcKarqkQnfXto,997 wncBdB,vbuyy@gmail.com,227-581-6618
user886,MqlcOsZdAMhtU,371 CqyFyd,mKTAJ@msn.com,548-147-8594
user887,nTaWDCTXdAGOJ,658 FgYtBj,XDClY@gmail.com,496-163-8392
user888,PngHMFLNFBHAT,069 AqQDXs,jyuWz@yahoo.com,052-050-2212
user889,ioUFdrWLqoVXS,188 BvbSSF,mieLP@att.net,059-895-9505
user890,dLNyqghfyyfDb,512 gHiOfJ,ezjLd@yahoo.com,186-101-8592
user891,CGETGXvZNnRmY,331 gSOKXS,weESv@att.net,186-883-3886
user892,mDhsdOkuDJIwx,857 zPisXR,dFyBa@gmail.com,153-477-4169
user893,UdSiXlWTCAYNg,424 laPXOn,nwVTc@att.net,079-332-1520
user894,TUrtuDTNzCBJA,151 XoGIJM,uEEUB@att.net,797-542-1920
user895,bWtVQQtpgoqlU,229 ByydzB,gzzca@yahoo.com,837-391-9296
user896,oflkbyztKXaow,095 WxWePL,wgdXB@att.net,750-432-4754
user897,dpEXbOQYIZSSQ,580 JwhFhP,Nloph@att.net,477-067-4625
user898,fccpCevcRSMMa,165 ZbvJOj,RAIbN@gmail.com,960-752-1249
user899,xryCIlDwnGAAQ,644 KoqyZo,CCIjl@gmail.com,264-678-1670
user900,THIAvyQfnIhHg,278 XBNXbK,NCOxO@yahoo.com,469-369-4319
user901,cuIFOMWidwICq,563 vmlGsR,fUhbx@msn.com,389-383-4851
user902,mKZwINuDBrcpi,072 CEcEHi,Spink@gmail.com,804-512-2907
user903,LVOrHgiwxcZHb,521 riOaxz,Jtivw@msn.com,809-387-3814
user904,OsiYRDGcCjgTC,425 QCgamQ,vHlhK@yahoo.com,905-268-0242
user905,eijUKYVcQjgul,185 kcGSJf,OFlUW@msn.com,970-310-6793
user906,kxAhQcmvltQpc,845 nJYFNr,rDDuF@msn.com,637-435-2225
user907,EnCQXAzskCoFK,709 TYXQuX,HrOfp@gmail.com,515-944-9958
user908,LRerJTSdCgXPj,215 UhKnEE,QptNB@msn.com,175-155-2351
user909,KBvDacdXYJEYO,625 tfNfWO,naiEJ@gmail.com,560-710-1803
user910,vYVHJuXBYsZgP,916 ohxpbx,gZRXS@msn.com,256-298-1282
user911,sazbMSbJZLiVy,854 nSMzxn,KaJjh@yahoo.com,920-591-8068
user912,KPoSeJbUOtMrK,780 IbgoMd,wXBts@yahoo.com,179-670-7907
user913,zXsycSewZvxrG,913 wBFHtf,wKwqy@yahoo.com,413-491-6795
user914,ZtIlNAWsDqAsw,954 htlWFa,hoCmj@yahoo.com,435-150-9930
user915,wOsmlsKxzbENv,605 olSrqv,kikXv@msn.com,183-739-3703
user916,FoSuwBpgLUitw,429 nWiuOP,BSmwk@msn.com,080-449-4975
user917,ZBwizgNMRhfyq,263 Zqbanz,VilNt@att.net,940-274-8916
user918,THvRDtbYOHoIP,004 InyXde,TsyDt@gmail.com,813-994-6653
user919,ycxpISzzgEnjh,848 wUYwPl,WBupB@yahoo.com,060-516-5620
user920,ltMwLVVucQUOR,259 QxPKrS,LhYMM@msn.com,922-242-8969
user921,zMSxuenRIqrLT,129 MdxGxp,xJmsZ@yahoo.com,207-744-6030
user922,tSLHiVSNVJSwO,363 inwCLA,uhCuZ@gmail.com,927-752-5526
user923,wFkzSOoYBUTPf,069 yYcZpR,BDKnT@msn.com,508-743-0588
user924,sjkeliXtfASlG,128 EtTFft,kocwM@msn.com,847-583-9503
user925,zaUoZAZJjsnki,888 HhyYgL,oWOVN@gmail.com,410-556-7860
user926,KQdjsxGobpQED,804 lyAjmv,FFEMF@att.net,183-280-2521
user927,wJjfohfgygEdU,166 fMIzjQ,WpiAu@yahoo.com,004-941-8127
user928,LPXLjiDWVFMrn,286 xtisFL,KWJOf@att.net,869-543-5217
user929,BLQLSDzAlhlKc,223 vmSakc,hbXRs@yahoo.com,351-355-4109
user930,DYDYRibsjAHGI,048 XSPzhw,PGdyB@att.net,991-254-2786
user931,siczHHQFUSANw,532 TTvhnd,pHKLo@msn.com,045-101-0717
user932,hNjkUpIQOXvNF,277 BFCMCq,lRJom@yahoo.com,511-562-9242
user933,iQtnwObDKexiZ,271 GWHRGI,hYrXv@msn.com,160-146-3732
user934,FljmowrFzwmNY,850 IBnQnz,Hyplf@msn.com,211-188-4291
user935,NbwLpUfbUoIat,128 NxagQL,UpqGl@yahoo.com,293-750-7664
user936,bXYFmsVqBsOxe,757 MEIQvX,JGjhA@msn.com,468-731-1617
user937,fmwCYdSgMDZqv,604 tVgQgc,OovAd@msn.com,599-136-6171
user938,uWWQfCUQmDqVV,148 tHtnJs,TQgAJ@att.net,212-016-1312
user939,SurIwBaLVJVoo,052 hcQnkk,fmPIH@att.net,767-401-6767
user940,HaRbmwUYqqXKS,023 iJJRap,CPtyx@msn.com,913-793-5731
user941,rjyMaeTktZvQG,618 jMjSfY,xeMmp@msn.com,132-756-2845
user942,RSDtRMtrQKUJN,701 rkADpA,AFWrZ@msn.com,028-037-0777
user943,gYovcoYhOVqNU,410 UfUENN,cIvmU@att.net,172-222-1140
user944,DXVATdINPJOIW,977 xeeYAh,VXNDL@gmail.com,474-890-9651
user945,JdtGmlKOBNTXZ,324 eBajGD,REhPl@yahoo.com,717-249-4274
user946,LHeyiUQYJgELJ,883 fMBgoQ,TLcKO@att.net,303-942-0549
user947,OfFpkrqkmWBeR,376 MwLodi,khZfW@gmail.com,952-132-6140
user948,svqfzZqJFszkb,030 InrEVd,krESq@msn.com,140-346-5767
user949,pFuWJUvDwpLsc,452 luomep,gVqao@gmail.com,833-435-1089
user950,gKEAIkjXSJHXh,379 LTqyvH,ZIxHw@gmail.com,547-774-0093
user951,ZNVtrjuxxrQzD,391 IRWLBX,NKSbN@yahoo.com,671-651-8544
user952,vHfLUxknSInJm,359 WRCgnC,vtjMo@gmail.com,282-648-7155
user953,uajDUnOvnbWln,774 opVLAn,KttOK@att.net,515-609-2304
user954,ajdJyxlLfWeMy,205 YWKIPA,AqGrX@att.net,452-594-5245
user955,JBFsgrUfetIlj,300 vzMkyh,qHlrE@gmail.com,540-483-4255
user956,WzWlFjsYoScpb,134 oYfXwa,uqyeM@msn.com,947-571-3228
user957,XHaJiNhbwgexS,894 GHHIgI,wyJoF@att.net,837-981-5190
user958,QKzmlKeHGxtye,308 hyFuok,eNZFF@yahoo.com,249-628-8322
user959,zNewPJRpgdESA,607 WVsoFp,wTSEg@att.net,370-895-4387
user960,sZxoSAXwoTFbL,556 QtiHMN,JGzWu@att.net,854-259-4716
user961,QCrFdqUnoGsvr,687 nZuDZu,pLtuK@att.net,782-841-0037
user962,qAQCBsqlDmfqi,336 Mtnkmm,thTUM@gmail.com,389-893-2534
user963,semBRowsAWGIs,992 ciiTUx,SjHcK@msn.com,788-997-4137
user964,eotCqJltiZRgp,752 syhnbQ,KTgpy@msn.com,945-192-3827
user965,aTNMNYuhuAdpd,675 KWNiJG,efrgl@gmail.com,187-248-3492
user966,pXJrcjyYKJVfZ,686 DlyvDA,SndAh@gmail.com,794-473-2557
user967,rKYLfqImJHSdH,179 MQFCyc,JCQJi@gmail.com,979-628-4574
user968,ugmrLYsmXHzFL,955 NtFnqG,aVgCs@gmail.com,434-644-6993
user969,irUWiTwTrYboD,855 EPRXtJ,FhHRT@yahoo.com,856-148-1895
user970,AIqbFhycHJAyb,494 UPhWEU,gaMny@gmail.com,229-046-1447
user971,GxNAlgXgtQVVL,088 ELrZzn,wJhEk@yahoo.com,303-564-1787
user972,fMVxXGVtNfbLk,050 jcCeaW,OChAm@yahoo.com,481-506-7965
user973,MNheLJaeQWMtC,896 JjEqfh,JZsfj@gmail.com,708-858-8327
user974,vFYNQMtBebZXl,531 AZiqJg,kDLvn@gmail.com,236-743-6511
user975,dKLGRHyxXeknC,438 ZGzYdn,dHzlA@msn.com,616-172-7516
user976,jwtVlOWCeXozw,228 QJXHPs,RZXbx@att.net,867-024-9718
user977,pLCUwPTJxsPtm,522 LRSzBv,FGvVe@att.net,921-993-9049
user978,xkahWYLZklsrF,879 ntFSTb,tPYPt@msn.com,894-339-4469
user979,ZYoLaOmkMWSqM,449 wrnmJA,tZwDJ@att.net,241-549-5545
user980,BaJymjkWzXVgb,487 QArbiw,TSPTw@msn.com,220-750-4604
user981,palBOuqsoYyTw,275 cAgcZK,ggbrZ@gmail.com,687-577-9595
user982,UgwHrjaSIzGhn,419 OsClXC,zFjQT@gmail.com,049-329-4394
user983,UVbEBrYnmLreh,602 xKqSsN,lfEyU@msn.com,261-894-8014
user984,gsypoePzyIMfk,262 tMtKJW,NHvin@msn.com,099-167-3801
user985,DCPrFbUyNVOVy,528 HfNjNk,bvMzg@msn.com,548-465-6707
user986,kKmNuovztlNRV,912 eaMuhv,ntoUn@yahoo.com,506-867-1414
user987,iLtiZWAnFQYhn,946 zInJsI,FtqHH@yahoo.com,520-802-1585
user988,pfsuYrwaImwVJ,482 aFIBrv,hFiVZ@att.net,126-120-8886
user989,grmJUaWzuIEEQ,780 TZRcgu,Hiftm@msn.com,707-465-5918
user990,RtGDgfSBidZoP,267 TxOYgx,AsLJU@gmail.com,861-168-4869
user991,oTwcMQOoydoyq,577 zFFxqd,NBdRE@att.net,405-453-5415
user992,fDkYFeWOMBail,063 njiJbx,xDqNN@yahoo.com,579-479-3255
user993,CcECqsFPqxwfH,283 jisacC,RjIZv@msn.com,720-057-6673
user994,nGGEjMvewlqPK,420 SpTNot,cejRK@att.net,973-536-7068
user995,HsYuTZebELkHb,500 FBQTZa,PwvWT@gmail.com,490-764-6150
user996,TFQzJbUMjUgHr,242 crBeYs,hXDdR@att.net,178-725-9981
user997,dTbiTZCnLuNaJ,385 gnjwaM,FuAYG@msn.com,703-692-0675
user998,dWAChPWlCxVSD,521 zBZghO,fziyN@yahoo.com,931-186-4815
user999,lNBhZPswsOXGr,062 evyUDr,LyWSI@yahoo.com,621-517-8441
